Server ID,Sponsor,Server Name,Timestamp,Distance,Ping,Download,Upload,Share,IP Address
5351,UPC,Vienna,2018-02-26T23:58:25.480462Z,3.5088376853924665,21.179,48342960.0739483,94015931.60925367,,213.164.24.3
5351,UPC,Vienna,2018-02-26T23:58:47.789862Z,3.5088376853924665,21.815,48366854.84747026,93677217.03005546,,213.164.24.3
5351,UPC,Vienna,2018-02-26T23:59:10.018337Z,3.5088376853924665,21.89,42285418.61584445,93227278.56985718,,213.164.24.3
5351,UPC,Vienna,2018-02-26T23:59:32.567789Z,3.5088376853924665,21.398,48265384.36409131,94033873.85295253,,213.164.24.3
5351,UPC,Vienna,2018-02-26T23:59:54.126276Z,3.5088376853924665,21.281,45995373.443004474,94358525.84291488,,213.164.24.3
1738,www.drei.at,Vienna,2018-02-27T00:00:16.352016Z,3.5088376853924665,24.663,47580041.815482914,92695686.57086213,,213.164.24.3
1738,www.drei.at,Vienna,2018-02-27T00:00:38.632065Z,3.5088376853924665,21.964,47289330.94085253,95328627.10685785,,213.164.24.3
1738,www.drei.at,Vienna,2018-02-27T00:01:00.307188Z,3.5088376853924665,21.948,46013120.810533196,89130971.4020649,,213.164.24.3
1738,www.drei.at,Vienna,2018-02-27T00:01:22.778731Z,3.5088376853924665,22.125,46731391.92304228,95227074.02565828,,213.164.24.3
1738,www.drei.at,Vienna,2018-02-27T00:01:44.992828Z,3.5088376853924665,21.855,46514970.204071976,94661756.44325985,,213.164.24.3
6260,A1 Telekom Austria AG,Vienna,2018-02-27T00:02:07.632750Z,3.5088376853924665,24.96,41455609.307134815,94025028.8727175,,213.164.24.3
6260,A1 Telekom Austria AG,Vienna,2018-02-27T00:02:31.280404Z,3.5088376853924665,21.775,48259585.34273416,93854201.65780482,,213.164.24.3
6260,A1 Telekom Austria AG,Vienna,2018-02-27T00:02:53.545995Z,3.5088376853924665,21.706,48329848.112507716,94413934.24412937,,213.164.24.3
6260,A1 Telekom Austria AG,Vienna,2018-02-27T00:03:15.748333Z,3.5088376853924665,21.762,42997594.460533306,94691329.81111377,,213.164.24.3
6260,A1 Telekom Austria AG,Vienna,2018-02-27T00:03:37.419231Z,3.5088376853924665,21.633,48464278.57595291,95206888.48765413,,213.164.24.3
5351,UPC,Vienna,2018-02-27T00:03:59.561521Z,3.5088376853924665,110.866,48041479.74796905,93172987.41812827,,213.164.24.3
5351,UPC,Vienna,2018-02-27T00:04:24.244903Z,3.5088376853924665,21.784,46566866.73701811,92677535.69773635,,213.164.24.3
5351,UPC,Vienna,2018-02-27T00:04:46.318686Z,3.5088376853924665,22.541,48351572.86715242,94304939.41986988,,213.164.24.3
5351,UPC,Vienna,2018-02-27T00:05:10.660814Z,3.5088376853924665,21.181,48318343.79550338,93434793.47197998,,213.164.24.3
5351,UPC,Vienna,2018-02-27T00:05:33.012147Z,3.5088376853924665,21.45,48256494.13841457,94192085.38235763,,213.164.24.3
1738,www.drei.at,Vienna,2018-02-27T00:05:54.847426Z,3.5088376853924665,21.97,48192297.212258294,94224427.29049647,,213.164.24.3
1738,www.drei.at,Vienna,2018-02-27T00:06:16.970330Z,3.5088376853924665,21.858,45404106.742980644,85615878.68679078,,213.164.24.3
1738,www.drei.at,Vienna,2018-02-27T00:06:38.871655Z,3.5088376853924665,22.252,48391555.38390115,92521087.87245592,,213.164.24.3
1738,www.drei.at,Vienna,2018-02-27T00:07:01.282319Z,3.5088376853924665,21.807,48298699.48259776,93170830.078153,,213.164.24.3
1738,www.drei.at,Vienna,2018-02-27T00:07:22.884151Z,3.5088376853924665,21.685,48230440.715014525,93065173.18690646,,213.164.24.3
6260,A1 Telekom Austria AG,Vienna,2018-02-27T00:07:45.306517Z,3.5088376853924665,25.262,48416343.616657786,93826793.00284024,,213.164.24.3
6260,A1 Telekom Austria AG,Vienna,2018-02-27T00:08:07.466100Z,3.5088376853924665,21.217,48273303.67780509,83766145.66604768,,213.164.24.3
6260,A1 Telekom Austria AG,Vienna,2018-02-27T00:08:29.660918Z,3.5088376853924665,21.057,48124799.49364398,93475493.1127073,,213.164.24.3
6260,A1 Telekom Austria AG,Vienna,2018-02-27T00:08:52.845324Z,3.5088376853924665,20.948,48225674.325610355,93833482.47333504,,213.164.24.3
6260,A1 Telekom Austria AG,Vienna,2018-02-27T00:09:15.386483Z,3.5088376853924665,21.133,43638381.04521869,94681253.57289283,,213.164.24.3
5351,UPC,Vienna,2018-02-27T00:09:37.754072Z,3.5088376853924665,21.279,48291042.704320714,93105675.55645332,,213.164.24.3
5351,UPC,Vienna,2018-02-27T00:09:59.405109Z,3.5088376853924665,21.335,38116799.15485029,87713751.89644006,,213.164.24.3
5351,UPC,Vienna,2018-02-27T00:10:22.478266Z,3.5088376853924665,21.186,47946990.054093786,93710804.67018023,,213.164.24.3
5351,UPC,Vienna,2018-02-27T00:10:44.933363Z,3.5088376853924665,21.235,48266844.58186714,94341858.9465221,,213.164.24.3
5351,UPC,Vienna,2018-02-27T00:11:07.299932Z,3.5088376853924665,21.607,48232724.37805858,77354801.34879982,,213.164.24.3
1738,www.drei.at,Vienna,2018-02-27T00:11:29.228141Z,3.5088376853924665,21.785,48247165.24530242,96289717.01134455,,213.164.24.3
1738,www.drei.at,Vienna,2018-02-27T00:11:50.868454Z,3.5088376853924665,22.057,46120724.896091305,66918304.75560438,,213.164.24.3
1738,www.drei.at,Vienna,2018-02-27T00:12:12.956193Z,3.5088376853924665,22.796,42159075.67357788,94916969.227072,,213.164.24.3
1738,www.drei.at,Vienna,2018-02-27T00:12:34.930222Z,3.5088376853924665,21.908,48344448.75462328,96158768.69968632,,213.164.24.3
1738,www.drei.at,Vienna,2018-02-27T00:12:57.383282Z,3.5088376853924665,21.83,46646680.51684579,94607154.63091747,,213.164.24.3
6260,A1 Telekom Austria AG,Vienna,2018-02-27T00:13:20.750767Z,3.5088376853924665,23.25,48271248.22933153,93450647.6014516,,213.164.24.3
6260,A1 Telekom Austria AG,Vienna,2018-02-27T00:13:42.483048Z,3.5088376853924665,21.239,46265924.17225984,93413014.17730717,,213.164.24.3
6260,A1 Telekom Austria AG,Vienna,2018-02-27T00:14:05.058593Z,3.5088376853924665,20.931,48351197.86233834,80628447.22352134,,213.164.24.3
6260,A1 Telekom Austria AG,Vienna,2018-02-27T00:14:26.618247Z,3.5088376853924665,20.862,48313750.99493118,94942790.01619934,,213.164.24.3
6260,A1 Telekom Austria AG,Vienna,2018-02-27T00:14:48.238734Z,3.5088376853924665,21.803,48360959.00605749,95848533.63120858,,213.164.24.3
5351,UPC,Vienna,2018-02-27T00:15:10.237225Z,3.5088376853924665,210.444,42141832.70756973,95073871.79569553,,213.164.24.3
5351,UPC,Vienna,2018-02-27T00:15:33.524643Z,3.5088376853924665,21.199,48330554.90388154,95634997.27706309,,213.164.24.3
5351,UPC,Vienna,2018-02-27T00:15:55.182048Z,3.5088376853924665,21.022,48359855.16949683,94322073.85916045,,213.164.24.3
5351,UPC,Vienna,2018-02-27T00:16:16.906289Z,3.5088376853924665,21.111,43408003.63338465,94676342.3996766,,213.164.24.3
5351,UPC,Vienna,2018-02-27T00:16:39.114218Z,3.5088376853924665,21.092,48191879.536481686,94483963.06551734,,213.164.24.3
1738,www.drei.at,Vienna,2018-02-27T00:17:00.685248Z,3.5088376853924665,22.235,48296021.75469592,78552733.87611909,,213.164.24.3
1738,www.drei.at,Vienna,2018-02-27T00:17:25.648795Z,3.5088376853924665,22.265,48087262.47487224,91255466.42284375,,213.164.24.3
1738,www.drei.at,Vienna,2018-02-27T00:17:47.790723Z,3.5088376853924665,21.894,48273572.46553353,66857426.15816273,,213.164.24.3
1738,www.drei.at,Vienna,2018-02-27T00:18:13.583437Z,3.5088376853924665,150.045,42337744.14577596,93451826.95311657,,213.164.24.3
1738,www.drei.at,Vienna,2018-02-27T00:18:36.925207Z,3.5088376853924665,22.023,47308601.58692364,93907241.25384527,,213.164.24.3
6260,A1 Telekom Austria AG,Vienna,2018-02-27T00:18:59.639242Z,3.5088376853924665,24.619,46554751.28629319,92611397.27336128,,213.164.24.3
6260,A1 Telekom Austria AG,Vienna,2018-02-27T00:19:24.368350Z,3.5088376853924665,21.341,48181605.806203246,90364841.38259259,,213.164.24.3
6260,A1 Telekom Austria AG,Vienna,2018-02-27T00:19:46.202080Z,3.5088376853924665,21.163,48249483.749510475,90067224.4065136,,213.164.24.3
6260,A1 Telekom Austria AG,Vienna,2018-02-27T00:20:12.105949Z,3.5088376853924665,21.25,43416617.21504694,90080133.46810569,,213.164.24.3
6260,A1 Telekom Austria AG,Vienna,2018-02-27T00:20:34.303779Z,3.5088376853924665,21.077,46151991.82698506,91358497.94960046,,213.164.24.3
5351,UPC,Vienna,2018-02-27T00:20:57.102589Z,3.5088376853924665,21.375,48287796.21839218,89929683.58447872,,213.164.24.3
5351,UPC,Vienna,2018-02-27T00:21:19.868574Z,3.5088376853924665,21.13,48107098.685226016,93710484.834917,,213.164.24.3
5351,UPC,Vienna,2018-02-27T00:21:44.850497Z,3.5088376853924665,21.159,48394722.08806162,93478318.2360456,,213.164.24.3
5351,UPC,Vienna,2018-02-27T00:22:07.297719Z,3.5088376853924665,21.168,48264360.66755819,76718632.04993047,,213.164.24.3
5351,UPC,Vienna,2018-02-27T00:22:28.788295Z,3.5088376853924665,21.256,48272970.431717105,94662875.5734798,,213.164.24.3
1738,www.drei.at,Vienna,2018-02-27T00:22:50.948348Z,3.5088376853924665,21.933,48366681.470016256,60396259.241418906,,213.164.24.3
1738,www.drei.at,Vienna,2018-02-27T00:23:12.491452Z,3.5088376853924665,21.576,43877083.15140929,94538204.76894772,,213.164.24.3
1738,www.drei.at,Vienna,2018-02-27T00:23:34.751918Z,3.5088376853924665,22.244,46399456.127544165,94113204.06883362,,213.164.24.3
1738,www.drei.at,Vienna,2018-02-27T00:23:57.356137Z,3.5088376853924665,22.009,48255237.293395616,91862332.81112094,,213.164.24.3
1738,www.drei.at,Vienna,2018-02-27T00:24:19.690471Z,3.5088376853924665,354.557,48195121.50760495,92616455.5874338,,213.164.24.3
6260,A1 Telekom Austria AG,Vienna,2018-02-27T00:24:43.189712Z,3.5088376853924665,23.253,46869398.20931073,92790197.66038513,,213.164.24.3
6260,A1 Telekom Austria AG,Vienna,2018-02-27T00:25:05.580904Z,3.5088376853924665,24.517,48324130.89393836,90678707.89127779,,213.164.24.3
6260,A1 Telekom Austria AG,Vienna,2018-02-27T00:25:28.199776Z,3.5088376853924665,20.887,48269794.33853539,91838450.6680451,,213.164.24.3
6260,A1 Telekom Austria AG,Vienna,2018-02-27T00:25:50.333040Z,3.5088376853924665,20.902,48036027.890733786,92322623.25977139,,213.164.24.3
6260,A1 Telekom Austria AG,Vienna,2018-02-27T00:26:12.953355Z,3.5088376853924665,21.041,48313630.47584093,91994991.87226048,,213.164.24.3
5351,UPC,Vienna,2018-02-27T00:26:34.985951Z,3.5088376853924665,21.155,48357654.71105444,91834741.48381214,,213.164.24.3
5351,UPC,Vienna,2018-02-27T00:26:56.565587Z,3.5088376853924665,21.317,46407043.19713826,93444238.94564325,,213.164.24.3
5351,UPC,Vienna,2018-02-27T00:27:18.534851Z,3.5088376853924665,21.439,43566956.274252646,92066549.57582985,,213.164.24.3
5351,UPC,Vienna,2018-02-27T00:27:40.081396Z,3.5088376853924665,21.21,48235155.364328,93340727.24460773,,213.164.24.3
5351,UPC,Vienna,2018-02-27T00:28:01.603258Z,3.5088376853924665,21.134,46277979.048600964,93256469.69041543,,213.164.24.3
1738,www.drei.at,Vienna,2018-02-27T00:28:23.692677Z,3.5088376853924665,21.82,46715682.805462606,94182816.0799366,,213.164.24.3
1738,www.drei.at,Vienna,2018-02-27T00:28:45.574954Z,3.5088376853924665,663.084,48293830.26328577,92480495.00918233,,213.164.24.3
1738,www.drei.at,Vienna,2018-02-27T00:29:11.063646Z,3.5088376853924665,21.644,41415647.94106668,91934365.7777227,,213.164.24.3
1738,www.drei.at,Vienna,2018-02-27T00:29:33.600467Z,3.5088376853924665,22.216,48206384.738953955,93879523.86010414,,213.164.24.3
1738,www.drei.at,Vienna,2018-02-27T00:29:55.265724Z,3.5088376853924665,21.635,48207084.97618912,93044074.65997636,,213.164.24.3
6260,A1 Telekom Austria AG,Vienna,2018-02-27T00:30:17.054979Z,3.5088376853924665,24.539,46882207.74493812,92019943.14407885,,213.164.24.3
6260,A1 Telekom Austria AG,Vienna,2018-02-27T00:30:38.668796Z,3.5088376853924665,20.984,46446319.133812614,93023238.23556702,,213.164.24.3
6260,A1 Telekom Austria AG,Vienna,2018-02-27T00:31:00.823271Z,3.5088376853924665,21.438,48306854.43070665,81996497.44200906,,213.164.24.3
6260,A1 Telekom Austria AG,Vienna,2018-02-27T00:31:22.990885Z,3.5088376853924665,20.989,48099276.44612341,93024654.59501976,,213.164.24.3
6260,A1 Telekom Austria AG,Vienna,2018-02-27T00:31:45.111540Z,3.5088376853924665,20.979,48245452.27372918,91748900.85249643,,213.164.24.3
5351,UPC,Vienna,2018-02-27T00:32:06.724869Z,3.5088376853924665,21.362,48340966.703173764,90373278.75492392,,213.164.24.3
5351,UPC,Vienna,2018-02-27T00:32:28.310666Z,3.5088376853924665,21.249,47158126.87789899,92907053.73276426,,213.164.24.3
5351,UPC,Vienna,2018-02-27T00:32:50.348784Z,3.5088376853924665,21.34,46075529.21775611,92050882.6248084,,213.164.24.3
5351,UPC,Vienna,2018-02-27T00:33:12.099053Z,3.5088376853924665,21.165,38649580.40188059,92908744.9011291,,213.164.24.3
5351,UPC,Vienna,2018-02-27T00:33:33.727047Z,3.5088376853924665,21.334,48365513.67037889,92338640.6449131,,213.164.24.3
1738,www.drei.at,Vienna,2018-02-27T00:33:55.418231Z,3.5088376853924665,21.831,48399943.42702017,79777310.53992942,,213.164.24.3
1738,www.drei.at,Vienna,2018-02-27T00:34:17.723427Z,3.5088376853924665,83.412,41780422.85761796,91965336.76716389,,213.164.24.3
1738,www.drei.at,Vienna,2018-02-27T00:34:40.240547Z,3.5088376853924665,21.966,48390617.71128959,93720590.33728285,,213.164.24.3
1738,www.drei.at,Vienna,2018-02-27T00:35:02.108683Z,3.5088376853924665,21.602,46315579.60724755,79893603.98559451,,213.164.24.3
1738,www.drei.at,Vienna,2018-02-27T00:35:24.265621Z,3.5088376853924665,21.969,48221065.60556555,92933783.74861859,,213.164.24.3
6260,A1 Telekom Austria AG,Vienna,2018-02-27T00:35:45.843328Z,3.5088376853924665,21.008,48136158.60429305,94464751.8655685,,213.164.24.3
6260,A1 Telekom Austria AG,Vienna,2018-02-27T00:36:07.478643Z,3.5088376853924665,24.493,47213744.00446813,77628246.93453722,,213.164.24.3
6260,A1 Telekom Austria AG,Vienna,2018-02-27T00:36:29.520505Z,3.5088376853924665,20.82,48198686.57025909,94463210.71158943,,213.164.24.3
6260,A1 Telekom Austria AG,Vienna,2018-02-27T00:36:51.038461Z,3.5088376853924665,21.23,48356397.31541368,94526780.65913576,,213.164.24.3
6260,A1 Telekom Austria AG,Vienna,2018-02-27T00:37:13.074750Z,3.5088376853924665,21.149,41981282.00072972,93021286.09669453,,213.164.24.3
5351,UPC,Vienna,2018-02-27T00:37:34.639182Z,3.5088376853924665,21.347,47972935.3270721,92694177.32115662,,213.164.24.3
5351,UPC,Vienna,2018-02-27T00:37:56.458153Z,3.5088376853924665,21.308,46241561.48295599,91905771.57649417,,213.164.24.3
5351,UPC,Vienna,2018-02-27T00:38:18.381450Z,3.5088376853924665,21.118,43666175.07574904,91188407.5084987,,213.164.24.3
5351,UPC,Vienna,2018-02-27T00:38:40.295196Z,3.5088376853924665,21.165,48049524.787939645,91299643.97425377,,213.164.24.3
5351,UPC,Vienna,2018-02-27T00:39:02.103188Z,3.5088376853924665,22.686,46487507.856920846,83313707.02373652,,213.164.24.3
1738,www.drei.at,Vienna,2018-02-27T00:39:24.321483Z,3.5088376853924665,22.116,47816082.31028874,90590400.30769429,,213.164.24.3
1738,www.drei.at,Vienna,2018-02-27T00:39:46.142595Z,3.5088376853924665,21.915,48310757.28851807,91446710.40395473,,213.164.24.3
1738,www.drei.at,Vienna,2018-02-27T00:40:08.002710Z,3.5088376853924665,21.835,48349427.95074547,89325068.38131742,,213.164.24.3
1738,www.drei.at,Vienna,2018-02-27T00:40:29.664928Z,3.5088376853924665,22.112,48288740.10497,94282999.88956824,,213.164.24.3
1738,www.drei.at,Vienna,2018-02-27T00:40:51.302284Z,3.5088376853924665,22.062,48272572.02938184,94612889.26821578,,213.164.24.3
6260,A1 Telekom Austria AG,Vienna,2018-02-27T00:41:12.860477Z,3.5088376853924665,27.888,41442132.02724925,94098020.91003403,,213.164.24.3
6260,A1 Telekom Austria AG,Vienna,2018-02-27T00:41:34.921932Z,3.5088376853924665,21.016,48172088.19201724,91074366.86069651,,213.164.24.3
6260,A1 Telekom Austria AG,Vienna,2018-02-27T00:41:56.822302Z,3.5088376853924665,21.031,48133829.83313646,92443051.44168067,,213.164.24.3
6260,A1 Telekom Austria AG,Vienna,2018-02-27T00:42:18.522409Z,3.5088376853924665,21.227,43613846.50608483,92798563.10494792,,213.164.24.3
6260,A1 Telekom Austria AG,Vienna,2018-02-27T00:42:40.172877Z,3.5088376853924665,20.973,46634072.54559956,92428164.07607788,,213.164.24.3
5351,UPC,Vienna,2018-02-27T00:43:02.242047Z,3.5088376853924665,21.221,48268068.593526594,82220015.9409532,,213.164.24.3
5351,UPC,Vienna,2018-02-27T00:43:24.776561Z,3.5088376853924665,20.981,46844225.90189827,92954501.14375341,,213.164.24.3
5351,UPC,Vienna,2018-02-27T00:43:46.793852Z,3.5088376853924665,21.229,47847145.51637901,92894323.88511738,,213.164.24.3
5351,UPC,Vienna,2018-02-27T00:44:08.561497Z,3.5088376853924665,21.238,48349570.73247174,83913032.47751582,,213.164.24.3
5351,UPC,Vienna,2018-02-27T00:44:30.098614Z,3.5088376853924665,21.118,48116711.063672,93147062.64241664,,213.164.24.3
1738,www.drei.at,Vienna,2018-02-27T00:44:51.736446Z,3.5088376853924665,21.996,48219798.96830029,90528657.04360817,,213.164.24.3
1738,www.drei.at,Vienna,2018-02-27T00:45:13.769512Z,3.5088376853924665,309.959,46706861.743477084,93013818.49787016,,213.164.24.3
1738,www.drei.at,Vienna,2018-02-27T00:45:37.162833Z,3.5088376853924665,22.35,46145814.641559884,92556066.7744486,,213.164.24.3
1738,www.drei.at,Vienna,2018-02-27T00:45:59.229342Z,3.5088376853924665,21.985,48294769.69972285,91541903.52124223,,213.164.24.3
1738,www.drei.at,Vienna,2018-02-27T00:46:20.815601Z,3.5088376853924665,22.026,43120389.07235743,91239194.27718939,,213.164.24.3
6260,A1 Telekom Austria AG,Vienna,2018-02-27T00:46:42.680413Z,3.5088376853924665,23.156,45620766.98937079,93019275.241707,,213.164.24.3
6260,A1 Telekom Austria AG,Vienna,2018-02-27T00:47:05.157041Z,3.5088376853924665,21.819,48233959.447104976,80702419.25573295,,213.164.24.3
6260,A1 Telekom Austria AG,Vienna,2018-02-27T00:47:27.102430Z,3.5088376853924665,21.179,46606431.243747205,89647667.21367155,,213.164.24.3
6260,A1 Telekom Austria AG,Vienna,2018-02-27T00:47:49.107453Z,3.5088376853924665,21.275,48128041.179596476,90802203.4955668,,213.164.24.3
6260,A1 Telekom Austria AG,Vienna,2018-02-27T00:48:10.888651Z,3.5088376853924665,21.183,48071844.05803187,74231296.20886563,,213.164.24.3
5351,UPC,Vienna,2018-02-27T00:48:32.722315Z,3.5088376853924665,21.248,48300031.3994898,91267131.28767113,,213.164.24.3
5351,UPC,Vienna,2018-02-27T00:48:54.359098Z,3.5088376853924665,284.697,48264843.82028841,91259492.17810102,,213.164.24.3
5351,UPC,Vienna,2018-02-27T00:49:17.515436Z,3.5088376853924665,21.092,42093348.809755236,92864847.53992695,,213.164.24.3
5351,UPC,Vienna,2018-02-27T00:49:39.452877Z,3.5088376853924665,21.037,48001492.75117688,92372732.52500975,,213.164.24.3
5351,UPC,Vienna,2018-02-27T00:50:01.258651Z,3.5088376853924665,21.249,48144165.398639925,92551747.77659976,,213.164.24.3
1738,www.drei.at,Vienna,2018-02-27T00:50:24.850134Z,3.5088376853924665,33.332,48037108.02184032,92838630.7094289,,213.164.24.3
1738,www.drei.at,Vienna,2018-02-27T00:50:46.598210Z,3.5088376853924665,21.947,48078394.13305801,78480247.19621995,,213.164.24.3
1738,www.drei.at,Vienna,2018-02-27T00:51:08.490084Z,3.5088376853924665,21.823,48265091.247491345,85358618.07005203,,213.164.24.3
1738,www.drei.at,Vienna,2018-02-27T00:51:30.161367Z,3.5088376853924665,21.821,46258818.04973259,95448151.53798917,,213.164.24.3
1738,www.drei.at,Vienna,2018-02-27T00:51:52.073946Z,3.5088376853924665,21.952,48225441.17413836,89563635.07456109,,213.164.24.3
6260,A1 Telekom Austria AG,Vienna,2018-02-27T00:52:14.320472Z,3.5088376853924665,24.739,41391808.62776724,95222582.39299494,,213.164.24.3
6260,A1 Telekom Austria AG,Vienna,2018-02-27T00:52:36.969737Z,3.5088376853924665,21.016,48307206.909408174,92846742.56231333,,213.164.24.3
6260,A1 Telekom Austria AG,Vienna,2018-02-27T00:52:58.497163Z,3.5088376853924665,21.012,46435884.40639007,91849538.22144488,,213.164.24.3
6260,A1 Telekom Austria AG,Vienna,2018-02-27T00:53:20.530999Z,3.5088376853924665,21.408,43788565.269406565,94549866.49637932,,213.164.24.3
6260,A1 Telekom Austria AG,Vienna,2018-02-27T00:53:42.117142Z,3.5088376853924665,21.079,48412604.39947599,94873218.02698742,,213.164.24.3
5351,UPC,Vienna,2018-02-27T00:54:04.918886Z,3.5088376853924665,21.247,48172898.64172978,79916145.05494566,,213.164.24.3
5351,UPC,Vienna,2018-02-27T00:54:27.834365Z,3.5088376853924665,21.139,46498377.96702439,93949130.7371579,,213.164.24.3
5351,UPC,Vienna,2018-02-27T00:54:50.049699Z,3.5088376853924665,21.139,47456290.31787703,94338202.62738618,,213.164.24.3
5351,UPC,Vienna,2018-02-27T00:55:11.906545Z,3.5088376853924665,21.161,48346432.29833415,87209531.86196287,,213.164.24.3
5351,UPC,Vienna,2018-02-27T00:55:33.482789Z,3.5088376853924665,21.153,48200827.17657756,94715456.12542479,,213.164.24.3
1738,www.drei.at,Vienna,2018-02-27T00:55:55.073753Z,3.5088376853924665,21.778,48249064.70925986,94290391.09730425,,213.164.24.3
1738,www.drei.at,Vienna,2018-02-27T00:56:16.883704Z,3.5088376853924665,22.187,42016688.65008862,94554588.57984635,,213.164.24.3
1738,www.drei.at,Vienna,2018-02-27T00:56:39.148584Z,3.5088376853924665,21.953,48237400.33591563,72873924.28760715,,213.164.24.3
1738,www.drei.at,Vienna,2018-02-27T00:57:02.480425Z,3.5088376853924665,21.915,48310543.121883385,94575727.9746783,,213.164.24.3
1738,www.drei.at,Vienna,2018-02-27T00:57:25.909178Z,3.5088376853924665,22.037,48346087.034606524,94804586.13068052,,213.164.24.3
6260,A1 Telekom Austria AG,Vienna,2018-02-27T00:57:47.417152Z,3.5088376853924665,23.303,46622703.40115924,94705014.4322087,,213.164.24.3
6260,A1 Telekom Austria AG,Vienna,2018-02-27T00:58:09.288914Z,3.5088376853924665,21.071,48372593.000356264,93787881.96639176,,213.164.24.3
6260,A1 Telekom Austria AG,Vienna,2018-02-27T00:58:30.870732Z,3.5088376853924665,21.021,48308738.26368793,94462257.30255589,,213.164.24.3
6260,A1 Telekom Austria AG,Vienna,2018-02-27T00:58:52.622058Z,3.5088376853924665,21.159,48267093.74927921,94500703.223297,,213.164.24.3
6260,A1 Telekom Austria AG,Vienna,2018-02-27T00:59:14.152621Z,3.5088376853924665,20.905,41368873.40374167,94294585.91802067,,213.164.24.3
5351,UPC,Vienna,2018-02-27T00:59:37.522464Z,3.5088376853924665,274.476,48318603.93100861,94607285.97407158,,213.164.24.3
5351,UPC,Vienna,2018-02-27T01:00:08.380856Z,3.5088376853924665,65.38,36961578.33703632,70034563.69807163,,213.164.24.3
5351,UPC,Vienna,2018-02-27T01:00:33.468734Z,3.5088376853924665,288.663,46351223.96264879,94654901.90150596,,213.164.24.3
5351,UPC,Vienna,2018-02-27T01:00:56.615689Z,3.5088376853924665,21.326,48090688.76140468,94598579.13828772,,213.164.24.3
5351,UPC,Vienna,2018-02-27T01:01:18.505160Z,3.5088376853924665,21.226,43233720.529534526,94128090.34049563,,213.164.24.3
1738,www.drei.at,Vienna,2018-02-27T01:01:40.221660Z,3.5088376853924665,21.687,48027886.52686152,94022195.77228534,,213.164.24.3
1738,www.drei.at,Vienna,2018-02-27T01:02:02.333723Z,3.5088376853924665,22.318,47675648.875799276,94270346.4634563,,213.164.24.3
1738,www.drei.at,Vienna,2018-02-27T01:02:23.960184Z,3.5088376853924665,21.582,40731227.412347674,94415604.89553799,,213.164.24.3
1738,www.drei.at,Vienna,2018-02-27T01:02:45.741585Z,3.5088376853924665,22.127,46656779.7285733,94839108.68565138,,213.164.24.3
1738,www.drei.at,Vienna,2018-02-27T01:03:08.338735Z,3.5088376853924665,22.155,48303634.69081942,90833159.1998889,,213.164.24.3
6260,A1 Telekom Austria AG,Vienna,2018-02-27T01:03:30.014195Z,3.5088376853924665,23.103,48432689.62106627,94540183.18608062,,213.164.24.3
6260,A1 Telekom Austria AG,Vienna,2018-02-27T01:03:51.584342Z,3.5088376853924665,20.989,44801581.07917927,94517859.28128149,,213.164.24.3
6260,A1 Telekom Austria AG,Vienna,2018-02-27T01:04:13.728927Z,3.5088376853924665,21.055,46343060.22234522,80500705.76966521,,213.164.24.3
6260,A1 Telekom Austria AG,Vienna,2018-02-27T01:04:35.928393Z,3.5088376853924665,21.074,46048449.604388185,94662950.92819355,,213.164.24.3
6260,A1 Telekom Austria AG,Vienna,2018-02-27T01:04:58.034316Z,3.5088376853924665,20.944,48087509.558874756,94699138.32244755,,213.164.24.3
5351,UPC,Vienna,2018-02-27T01:05:19.659088Z,3.5088376853924665,21.104,42489028.33693316,95183875.78813338,,213.164.24.3
5351,UPC,Vienna,2018-02-27T01:05:41.836396Z,3.5088376853924665,21.051,46379047.52528259,94038051.7519207,,213.164.24.3
5351,UPC,Vienna,2018-02-27T01:06:04.421927Z,3.5088376853924665,21.126,47906179.16185978,84584325.34980093,,213.164.24.3
5351,UPC,Vienna,2018-02-27T01:06:27.548168Z,3.5088376853924665,21.684,48017333.25050022,94748031.8071655,,213.164.24.3
5351,UPC,Vienna,2018-02-27T01:06:49.262364Z,3.5088376853924665,21.036,48224670.67722878,94191074.08038561,,213.164.24.3
1738,www.drei.at,Vienna,2018-02-27T01:07:11.000433Z,3.5088376853924665,21.865,48186386.29104355,88856844.61465457,,213.164.24.3
1738,www.drei.at,Vienna,2018-02-27T01:07:32.884697Z,3.5088376853924665,21.818,48160881.69473443,95250367.75805593,,213.164.24.3
1738,www.drei.at,Vienna,2018-02-27T01:07:54.474718Z,3.5088376853924665,21.963,48426456.70575187,94386046.9973208,,213.164.24.3
1738,www.drei.at,Vienna,2018-02-27T01:08:16.039688Z,3.5088376853924665,21.865,41355088.16063765,94597532.10514729,,213.164.24.3
1738,www.drei.at,Vienna,2018-02-27T01:08:38.333245Z,3.5088376853924665,21.944,48271185.45385732,94537715.5846674,,213.164.24.3
6260,A1 Telekom Austria AG,Vienna,2018-02-27T01:09:00.567981Z,3.5088376853924665,21.026,48376066.68298367,94596048.13356236,,213.164.24.3
6260,A1 Telekom Austria AG,Vienna,2018-02-27T01:09:22.318481Z,3.5088376853924665,20.951,44013965.11626838,95307685.4589736,,213.164.24.3
6260,A1 Telekom Austria AG,Vienna,2018-02-27T01:09:44.004402Z,3.5088376853924665,21.019,46957981.2273151,94284826.95050183,,213.164.24.3
6260,A1 Telekom Austria AG,Vienna,2018-02-27T01:10:06.580552Z,3.5088376853924665,26.486,48125881.31997503,80106380.2791317,,213.164.24.3
6260,A1 Telekom Austria AG,Vienna,2018-02-27T01:10:28.617939Z,3.5088376853924665,20.878,48334733.05371556,95218005.92879364,,213.164.24.3
5351,UPC,Vienna,2018-02-27T01:10:50.248660Z,3.5088376853924665,21.477,48116539.68926593,94457182.30220309,,213.164.24.3
5351,UPC,Vienna,2018-02-27T01:11:12.199814Z,3.5088376853924665,21.707,48239856.38442532,78069718.4737701,,213.164.24.3
5351,UPC,Vienna,2018-02-27T01:11:34.116939Z,3.5088376853924665,21.027,46698338.52248258,94980173.94000353,,213.164.24.3
5351,UPC,Vienna,2018-02-27T01:11:56.021828Z,3.5088376853924665,21.108,48023413.007189065,94465659.25841716,,213.164.24.3
5351,UPC,Vienna,2018-02-27T01:12:17.832522Z,3.5088376853924665,21.034,47514816.36447346,93842327.53615634,,213.164.24.3
1738,www.drei.at,Vienna,2018-02-27T01:12:40.765745Z,3.5088376853924665,21.824,48193565.05845795,95066619.03086782,,213.164.24.3
1738,www.drei.at,Vienna,2018-02-27T01:13:02.572158Z,3.5088376853924665,21.972,48389224.60789508,89569704.90278643,,213.164.24.3
1738,www.drei.at,Vienna,2018-02-27T01:13:24.254768Z,3.5088376853924665,21.779,42426696.24581578,54766031.99644204,,213.164.24.3
1738,www.drei.at,Vienna,2018-02-27T01:13:45.777415Z,3.5088376853924665,21.825,46516558.36519584,93803207.50435446,,213.164.24.3
1738,www.drei.at,Vienna,2018-02-27T01:14:07.698145Z,3.5088376853924665,21.729,48339811.509681225,84888590.20644051,,213.164.24.3
6260,A1 Telekom Austria AG,Vienna,2018-02-27T01:14:29.187452Z,3.5088376853924665,21.007,48283903.94022157,94636337.56557783,,213.164.24.3
6260,A1 Telekom Austria AG,Vienna,2018-02-27T01:14:52.682799Z,3.5088376853924665,20.9,46411423.61783854,94469453.63998209,,213.164.24.3
6260,A1 Telekom Austria AG,Vienna,2018-02-27T01:15:15.162601Z,3.5088376853924665,20.973,48277433.20092486,75781988.16653189,,213.164.24.3
6260,A1 Telekom Austria AG,Vienna,2018-02-27T01:15:36.752125Z,3.5088376853924665,20.866,47012944.640387505,94561141.95038176,,213.164.24.3
6260,A1 Telekom Austria AG,Vienna,2018-02-27T01:15:58.881493Z,3.5088376853924665,21.009,48212743.81576709,95548334.08702007,,213.164.24.3
5351,UPC,Vienna,2018-02-27T01:16:20.494124Z,3.5088376853924665,21.066,43900870.04345826,94943866.27985598,,213.164.24.3
5351,UPC,Vienna,2018-02-27T01:16:42.248847Z,3.5088376853924665,21.014,47762024.52282243,94107868.28678776,,213.164.24.3
5351,UPC,Vienna,2018-02-27T01:17:04.756651Z,3.5088376853924665,21.506,46600713.74928789,94451783.93034993,,213.164.24.3
5351,UPC,Vienna,2018-02-27T01:17:28.986697Z,3.5088376853924665,20.981,48342961.73433131,95689486.12547112,,213.164.24.3
5351,UPC,Vienna,2018-02-27T01:17:51.017988Z,3.5088376853924665,21.102,46196911.76389967,95859022.97083738,,213.164.24.3
1738,www.drei.at,Vienna,2018-02-27T01:18:13.843380Z,3.5088376853924665,21.981,48361636.60605726,76756233.14401957,,213.164.24.3
1738,www.drei.at,Vienna,2018-02-27T01:18:35.943423Z,3.5088376853924665,21.837,48335638.231621124,94650916.7615613,,213.164.24.3
1738,www.drei.at,Vienna,2018-02-27T01:18:57.696098Z,3.5088376853924665,22.321,47111441.69866525,93779836.84733056,,213.164.24.3
1738,www.drei.at,Vienna,2018-02-27T01:19:20.042689Z,3.5088376853924665,21.817,43978999.18302325,94264039.67769593,,213.164.24.3
1738,www.drei.at,Vienna,2018-02-27T01:19:42.165829Z,3.5088376853924665,22.057,46945304.23216975,94239154.76364237,,213.164.24.3
6260,A1 Telekom Austria AG,Vienna,2018-02-27T01:20:04.983378Z,3.5088376853924665,20.881,47935199.26181927,94705279.38039929,,213.164.24.3
6260,A1 Telekom Austria AG,Vienna,2018-02-27T01:20:28.981776Z,3.5088376853924665,21.087,48371472.28782917,94850813.99862514,,213.164.24.3
6260,A1 Telekom Austria AG,Vienna,2018-02-27T01:20:50.568122Z,3.5088376853924665,21.222,48353360.09501239,95052249.81689276,,213.164.24.3
6260,A1 Telekom Austria AG,Vienna,2018-02-27T01:21:12.706597Z,3.5088376853924665,20.963,48332206.96715184,89837325.7722732,,213.164.24.3
6260,A1 Telekom Austria AG,Vienna,2018-02-27T01:21:34.341265Z,3.5088376853924665,21.192,46420946.03012879,94718341.86670732,,213.164.24.3
5351,UPC,Vienna,2018-02-27T01:21:56.867347Z,3.5088376853924665,21.198,46577373.34230319,94043308.46120833,,213.164.24.3
5351,UPC,Vienna,2018-02-27T01:22:19.043087Z,3.5088376853924665,21.188,42919831.28485827,95349968.45684643,,213.164.24.3
5351,UPC,Vienna,2018-02-27T01:22:40.937820Z,3.5088376853924665,21.405,48201106.79533817,76363085.3845341,,213.164.24.3
5351,UPC,Vienna,2018-02-27T01:23:05.080858Z,3.5088376853924665,84.446,46064609.157174975,94751994.72147769,,213.164.24.3
5351,UPC,Vienna,2018-02-27T01:23:29.292985Z,3.5088376853924665,21.205,47864725.88164578,94362536.56440452,,213.164.24.3
1738,www.drei.at,Vienna,2018-02-27T01:23:51.033629Z,3.5088376853924665,22.02,48254194.669708945,94633258.87477745,,213.164.24.3
1738,www.drei.at,Vienna,2018-02-27T01:24:12.588043Z,3.5088376853924665,21.944,48147298.771376505,91261985.25720881,,213.164.24.3
1738,www.drei.at,Vienna,2018-02-27T01:24:34.458383Z,3.5088376853924665,21.965,48054333.0801242,93945419.99060756,,213.164.24.3
1738,www.drei.at,Vienna,2018-02-27T01:24:56.226061Z,3.5088376853924665,22.088,48238516.62664264,94498459.28890452,,213.164.24.3
1738,www.drei.at,Vienna,2018-02-27T01:25:18.338063Z,3.5088376853924665,21.907,41422400.54139052,93893925.94526054,,213.164.24.3
6260,A1 Telekom Austria AG,Vienna,2018-02-27T01:25:40.631246Z,3.5088376853924665,24.484,48398382.69954202,94024232.37232536,,213.164.24.3
6260,A1 Telekom Austria AG,Vienna,2018-02-27T01:26:02.687270Z,3.5088376853924665,20.939,46564080.51372348,94500156.56529522,,213.164.24.3
6260,A1 Telekom Austria AG,Vienna,2018-02-27T01:26:24.914851Z,3.5088376853924665,21.459,48269833.372425385,94538481.25554411,,213.164.24.3
6260,A1 Telekom Austria AG,Vienna,2018-02-27T01:26:46.505061Z,3.5088376853924665,20.864,47930110.04754734,93761979.83895199,,213.164.24.3
6260,A1 Telekom Austria AG,Vienna,2018-02-27T01:27:08.366242Z,3.5088376853924665,20.905,48350702.48002665,76647674.00654063,,213.164.24.3
5351,UPC,Vienna,2018-02-27T01:27:30.093335Z,3.5088376853924665,21.342,48268478.15856763,93851382.19020031,,213.164.24.3
5351,UPC,Vienna,2018-02-27T01:27:51.854312Z,3.5088376853924665,21.355,48153974.016615346,94846614.72835334,,213.164.24.3
5351,UPC,Vienna,2018-02-27T01:28:13.722992Z,3.5088376853924665,21.091,48222285.98461134,83470700.78582692,,213.164.24.3
5351,UPC,Vienna,2018-02-27T01:28:36.094624Z,3.5088376853924665,21.498,46622432.2087627,77349815.88804293,,213.164.24.3
5351,UPC,Vienna,2018-02-27T01:28:59.799516Z,3.5088376853924665,21.295,46121678.16660136,94709856.79754491,,213.164.24.3
1738,www.drei.at,Vienna,2018-02-27T01:29:23.093150Z,3.5088376853924665,21.845,43704434.59095247,62823442.806072325,,213.164.24.3
1738,www.drei.at,Vienna,2018-02-27T01:29:48.318366Z,3.5088376853924665,22.21,46378251.86705597,94422208.33458728,,213.164.24.3
1738,www.drei.at,Vienna,2018-02-27T01:30:11.833911Z,3.5088376853924665,128.202,48222793.24567968,91227955.88795103,,213.164.24.3
1738,www.drei.at,Vienna,2018-02-27T01:30:34.538134Z,3.5088376853924665,21.796,48342938.33092625,95034549.71346809,,213.164.24.3
1738,www.drei.at,Vienna,2018-02-27T01:30:56.097701Z,3.5088376853924665,22.342,48304055.09313087,92871985.78515,,213.164.24.3
6260,A1 Telekom Austria AG,Vienna,2018-02-27T01:31:17.736737Z,3.5088376853924665,24.365,41541846.59752218,95868038.71859725,,213.164.24.3
6260,A1 Telekom Austria AG,Vienna,2018-02-27T01:31:41.598045Z,3.5088376853924665,20.986,48019526.14905028,93560872.65072356,,213.164.24.3
6260,A1 Telekom Austria AG,Vienna,2018-02-27T01:32:04.285669Z,3.5088376853924665,21.244,47049088.95171937,95918635.56337015,,213.164.24.3
6260,A1 Telekom Austria AG,Vienna,2018-02-27T01:32:26.373422Z,3.5088376853924665,20.995,43240716.639495075,96363834.66708042,,213.164.24.3
6260,A1 Telekom Austria AG,Vienna,2018-02-27T01:32:48.060033Z,3.5088376853924665,20.904,46417009.99401387,94514115.90737721,,213.164.24.3
5351,UPC,Vienna,2018-02-27T01:33:10.681513Z,3.5088376853924665,23.603,46668421.80223619,91352446.93427415,,213.164.24.3
5351,UPC,Vienna,2018-02-27T01:33:32.558706Z,3.5088376853924665,21.073,48339454.19696412,90452626.24325138,,213.164.24.3
5351,UPC,Vienna,2018-02-27T01:33:56.088986Z,3.5088376853924665,21.541,46661887.73125788,95236920.51460735,,213.164.24.3
5351,UPC,Vienna,2018-02-27T01:34:18.524552Z,3.5088376853924665,21.383,41579611.60792565,94673370.36455646,,213.164.24.3
5351,UPC,Vienna,2018-02-27T01:34:41.282906Z,3.5088376853924665,21.36,48423846.9431815,94295565.13162343,,213.164.24.3
1738,www.drei.at,Vienna,2018-02-27T01:35:03.052600Z,3.5088376853924665,32.634,45046083.00318033,70141748.59402683,,213.164.24.3
1738,www.drei.at,Vienna,2018-02-27T01:35:27.098412Z,3.5088376853924665,52.077,39408236.08202709,95584513.2485054,,213.164.24.3
1738,www.drei.at,Vienna,2018-02-27T01:35:49.252422Z,3.5088376853924665,21.968,48322881.12367344,94203329.56846708,,213.164.24.3
1738,www.drei.at,Vienna,2018-02-27T01:36:10.971785Z,3.5088376853924665,21.793,47101873.274051346,90407783.97400928,,213.164.24.3
1738,www.drei.at,Vienna,2018-02-27T01:36:32.813577Z,3.5088376853924665,21.954,48380148.51601649,94496670.33185355,,213.164.24.3
6260,A1 Telekom Austria AG,Vienna,2018-02-27T01:36:54.487523Z,3.5088376853924665,24.304,48233880.95449673,94179339.81814128,,213.164.24.3
6260,A1 Telekom Austria AG,Vienna,2018-02-27T01:37:16.268578Z,3.5088376853924665,20.97,48325249.834594116,87501140.63639484,,213.164.24.3
6260,A1 Telekom Austria AG,Vienna,2018-02-27T01:37:37.940557Z,3.5088376853924665,20.931,48370693.28484648,94548493.81488083,,213.164.24.3
6260,A1 Telekom Austria AG,Vienna,2018-02-27T01:38:00.092562Z,3.5088376853924665,21.069,48146662.05051839,94827827.71606433,,213.164.24.3
6260,A1 Telekom Austria AG,Vienna,2018-02-27T01:38:21.943093Z,3.5088376853924665,21.031,44225738.54710562,94244863.85509668,,213.164.24.3
5351,UPC,Vienna,2018-02-27T01:38:43.435134Z,3.5088376853924665,21.122,48169500.51383295,94881311.85256167,,213.164.24.3
5351,UPC,Vienna,2018-02-27T01:39:05.483676Z,3.5088376853924665,20.985,48392819.105454825,94482432.92477229,,213.164.24.3
5351,UPC,Vienna,2018-02-27T01:39:27.405176Z,3.5088376853924665,21.201,42545251.41986814,94911159.81587645,,213.164.24.3
5351,UPC,Vienna,2018-02-27T01:39:48.952692Z,3.5088376853924665,21.027,48300387.393684536,94372394.95017323,,213.164.24.3
5351,UPC,Vienna,2018-02-27T01:40:10.629745Z,3.5088376853924665,20.956,47902505.92025845,86790862.66530542,,213.164.24.3
1738,www.drei.at,Vienna,2018-02-27T01:40:32.618165Z,3.5088376853924665,21.88,47525073.69802919,92659219.02029994,,213.164.24.3
1738,www.drei.at,Vienna,2018-02-27T01:40:54.620528Z,3.5088376853924665,73.253,48046343.78456881,94532380.2076454,,213.164.24.3
1738,www.drei.at,Vienna,2018-02-27T01:41:16.946545Z,3.5088376853924665,21.669,48276272.19688678,77548365.96720442,,213.164.24.3
1738,www.drei.at,Vienna,2018-02-27T01:41:38.621047Z,3.5088376853924665,21.841,48311907.79622383,95190203.12504555,,213.164.24.3
1738,www.drei.at,Vienna,2018-02-27T01:42:00.296743Z,3.5088376853924665,22.187,48150407.27813012,94699395.20414251,,213.164.24.3
6260,A1 Telekom Austria AG,Vienna,2018-02-27T01:42:21.800169Z,3.5088376853924665,24.61,44121019.54090637,94819380.94638142,,213.164.24.3
6260,A1 Telekom Austria AG,Vienna,2018-02-27T01:42:43.463070Z,3.5088376853924665,21.694,48079145.643056184,94286081.90186803,,213.164.24.3
6260,A1 Telekom Austria AG,Vienna,2018-02-27T01:43:05.081250Z,3.5088376853924665,21.043,48333331.72942885,93551671.09226596,,213.164.24.3
6260,A1 Telekom Austria AG,Vienna,2018-02-27T01:43:26.742186Z,3.5088376853924665,21.654,43655040.80830058,94596274.12105787,,213.164.24.3
6260,A1 Telekom Austria AG,Vienna,2018-02-27T01:43:48.419933Z,3.5088376853924665,21.306,48105647.52768153,94553949.07372423,,213.164.24.3
5351,UPC,Vienna,2018-02-27T01:44:10.430948Z,3.5088376853924665,21.277,46206866.498406745,84232941.57035886,,213.164.24.3
5351,UPC,Vienna,2018-02-27T01:44:33.381062Z,3.5088376853924665,21.208,46601515.8786274,94182106.7813782,,213.164.24.3
5351,UPC,Vienna,2018-02-27T01:44:56.021301Z,3.5088376853924665,21.072,48295229.92551275,84767981.64096405,,213.164.24.3
5351,UPC,Vienna,2018-02-27T01:45:18.351882Z,3.5088376853924665,265.309,43809922.16537575,90932089.87677,,213.164.24.3
5351,UPC,Vienna,2018-02-27T01:45:41.886796Z,3.5088376853924665,20.998,48283600.42705581,95833787.07975869,,213.164.24.3
1738,www.drei.at,Vienna,2018-02-27T01:46:04.390693Z,3.5088376853924665,21.672,47670232.926536225,92064050.58925992,,213.164.24.3
1738,www.drei.at,Vienna,2018-02-27T01:46:26.301642Z,3.5088376853924665,22.364,43656968.13843759,94593651.40574431,,213.164.24.3
1738,www.drei.at,Vienna,2018-02-27T01:46:47.943301Z,3.5088376853924665,21.81,46830126.62624874,93843944.12333564,,213.164.24.3
1738,www.drei.at,Vienna,2018-02-27T01:47:10.187686Z,3.5088376853924665,22.022,46812069.24816424,76530381.44680853,,213.164.24.3
1738,www.drei.at,Vienna,2018-02-27T01:47:32.678395Z,3.5088376853924665,22.425,47963006.492321685,95092724.89229369,,213.164.24.3
6260,A1 Telekom Austria AG,Vienna,2018-02-27T01:47:54.488106Z,3.5088376853924665,24.765,45976535.52339475,94028362.31735514,,213.164.24.3
6260,A1 Telekom Austria AG,Vienna,2018-02-27T01:48:16.739636Z,3.5088376853924665,21.112,46290939.21179381,77079117.75253233,,213.164.24.3
6260,A1 Telekom Austria AG,Vienna,2018-02-27T01:48:38.879451Z,3.5088376853924665,20.922,48120234.635006696,94349878.42876844,,213.164.24.3
6260,A1 Telekom Austria AG,Vienna,2018-02-27T01:49:01.364866Z,3.5088376853924665,20.952,48068227.78475896,94346454.07081932,,213.164.24.3
6260,A1 Telekom Austria AG,Vienna,2018-02-27T01:49:23.493685Z,3.5088376853924665,21.117,42256063.345247634,94993363.93172652,,213.164.24.3
5351,UPC,Vienna,2018-02-27T01:49:45.623956Z,3.5088376853924665,21.366,48462481.23168631,94467921.42147008,,213.164.24.3
5351,UPC,Vienna,2018-02-27T01:50:07.215543Z,3.5088376853924665,57.031,46418110.91585782,93776813.78758767,,213.164.24.3
5351,UPC,Vienna,2018-02-27T01:50:29.356004Z,3.5088376853924665,21.012,40092999.41557248,94514208.61003196,,213.164.24.3
5351,UPC,Vienna,2018-02-27T01:50:51.065240Z,3.5088376853924665,20.999,48365650.76728626,94299610.01477942,,213.164.24.3
5351,UPC,Vienna,2018-02-27T01:51:12.759332Z,3.5088376853924665,21.163,48331656.71552783,87613093.01842487,,213.164.24.3
1738,www.drei.at,Vienna,2018-02-27T01:51:34.526527Z,3.5088376853924665,21.874,46609442.40411111,94580431.34452671,,213.164.24.3
1738,www.drei.at,Vienna,2018-02-27T01:51:56.538081Z,3.5088376853924665,21.828,48184533.55524596,94705455.14437363,,213.164.24.3
1738,www.drei.at,Vienna,2018-02-27T01:52:18.326277Z,3.5088376853924665,21.843,48399605.905277885,87708739.4221889,,213.164.24.3
1738,www.drei.at,Vienna,2018-02-27T01:52:39.934813Z,3.5088376853924665,21.741,48468013.622178346,94625220.56535998,,213.164.24.3
1738,www.drei.at,Vienna,2018-02-27T01:53:01.434090Z,3.5088376853924665,21.905,46501205.110282674,94965619.4557133,,213.164.24.3
6260,A1 Telekom Austria AG,Vienna,2018-02-27T01:53:23.413156Z,3.5088376853924665,24.459,43682013.55839832,94218695.81098573,,213.164.24.3
6260,A1 Telekom Austria AG,Vienna,2018-02-27T01:53:45.126926Z,3.5088376853924665,21.031,48213621.73292332,94740593.2540027,,213.164.24.3
6260,A1 Telekom Austria AG,Vienna,2018-02-27T01:54:06.875088Z,3.5088376853924665,20.939,48316170.78124748,94263142.75308847,,213.164.24.3
6260,A1 Telekom Austria AG,Vienna,2018-02-27T01:54:28.436137Z,3.5088376853924665,21.499,47208945.12098228,94236840.52829397,,213.164.24.3
6260,A1 Telekom Austria AG,Vienna,2018-02-27T01:54:50.847141Z,3.5088376853924665,21.026,48145428.9480501,94598735.7230984,,213.164.24.3
5351,UPC,Vienna,2018-02-27T01:55:12.518400Z,3.5088376853924665,21.197,48430491.39199724,82395925.05997027,,213.164.24.3
5351,UPC,Vienna,2018-02-27T01:55:34.193299Z,3.5088376853924665,21.127,47983600.49735293,94336058.39737819,,213.164.24.3
5351,UPC,Vienna,2018-02-27T01:55:56.313810Z,3.5088376853924665,21.05,48376452.521701984,93971886.48112209,,213.164.24.3
5351,UPC,Vienna,2018-02-27T01:56:18.067535Z,3.5088376853924665,21.093,48386388.743509404,76546500.93956509,,213.164.24.3
5351,UPC,Vienna,2018-02-27T01:56:39.627844Z,3.5088376853924665,21.341,48384823.04971432,94569577.35529323,,213.164.24.3
1738,www.drei.at,Vienna,2018-02-27T01:57:02.854300Z,3.5088376853924665,22.647,48367909.03166613,94699700.78689219,,213.164.24.3
1738,www.drei.at,Vienna,2018-02-27T01:57:24.530808Z,3.5088376853924665,21.966,43043009.893727526,96288957.94043519,,213.164.24.3
1738,www.drei.at,Vienna,2018-02-27T01:57:46.168234Z,3.5088376853924665,21.979,47307934.098168366,94113068.09523752,,213.164.24.3
1738,www.drei.at,Vienna,2018-02-27T01:58:08.016489Z,3.5088376853924665,21.687,46486204.39336234,94612358.8963059,,213.164.24.3
1738,www.drei.at,Vienna,2018-02-27T01:58:30.184146Z,3.5088376853924665,21.895,48091187.43986385,94276640.46385945,,213.164.24.3
6260,A1 Telekom Austria AG,Vienna,2018-02-27T01:58:51.775508Z,3.5088376853924665,21.112,48422608.66371337,94535111.08703934,,213.164.24.3
6260,A1 Telekom Austria AG,Vienna,2018-02-27T01:59:13.868979Z,3.5088376853924665,20.971,48120139.1525985,94547909.80967388,,213.164.24.3
6260,A1 Telekom Austria AG,Vienna,2018-02-27T01:59:35.432750Z,3.5088376853924665,20.922,48355155.392041504,94481662.17149334,,213.164.24.3
6260,A1 Telekom Austria AG,Vienna,2018-02-27T01:59:57.080672Z,3.5088376853924665,21.306,48270708.325948775,95796437.60251234,,213.164.24.3
6260,A1 Telekom Austria AG,Vienna,2018-02-27T02:00:19.117642Z,3.5088376853924665,20.989,48125052.7286002,86808891.51000924,,213.164.24.3
5351,UPC,Vienna,2018-02-27T02:00:40.790818Z,3.5088376853924665,21.03,48383844.72405257,95450544.1597442,,213.164.24.3
5351,UPC,Vienna,2018-02-27T02:01:02.480105Z,3.5088376853924665,21.18,47778466.086878225,94640294.235563,,213.164.24.3
5351,UPC,Vienna,2018-02-27T02:01:24.741548Z,3.5088376853924665,21.061,44100679.56180253,94271716.77874182,,213.164.24.3
5351,UPC,Vienna,2018-02-27T02:01:46.880045Z,3.5088376853924665,21.082,47848226.390182376,94501866.53292319,,213.164.24.3
5351,UPC,Vienna,2018-02-27T02:02:09.226744Z,3.5088376853924665,20.994,48327284.09045778,94574747.71085285,,213.164.24.3
1738,www.drei.at,Vienna,2018-02-27T02:02:31.483488Z,3.5088376853924665,353.791,48206183.407851964,95671877.87798186,,213.164.24.3
1738,www.drei.at,Vienna,2018-02-27T02:02:55.479758Z,3.5088376853924665,21.747,47498878.402598664,94492136.77981302,,213.164.24.3
1738,www.drei.at,Vienna,2018-02-27T02:03:17.727577Z,3.5088376853924665,21.724,46576802.75900445,91840556.40045597,,213.164.24.3
1738,www.drei.at,Vienna,2018-02-27T02:03:40.228327Z,3.5088376853924665,21.627,48017119.62728971,73579429.35384332,,213.164.24.3
1738,www.drei.at,Vienna,2018-02-27T02:04:02.586572Z,3.5088376853924665,21.817,48092587.367094636,95342981.83227171,,213.164.24.3
6260,A1 Telekom Austria AG,Vienna,2018-02-27T02:04:24.543884Z,3.5088376853924665,21.031,43434018.129960194,94332779.51401103,,213.164.24.3
6260,A1 Telekom Austria AG,Vienna,2018-02-27T02:04:46.502656Z,3.5088376853924665,23.115,45953486.46435021,93862736.75755115,,213.164.24.3
6260,A1 Telekom Austria AG,Vienna,2018-02-27T02:05:09.334004Z,3.5088376853924665,21.051,48339457.42036735,94695631.72317065,,213.164.24.3
6260,A1 Telekom Austria AG,Vienna,2018-02-27T02:05:31.213067Z,3.5088376853924665,21.372,40625723.67151223,94489271.53695521,,213.164.24.3
6260,A1 Telekom Austria AG,Vienna,2018-02-27T02:05:52.774404Z,3.5088376853924665,20.944,46986466.773231946,94696372.59886393,,213.164.24.3
5351,UPC,Vienna,2018-02-27T02:06:14.863935Z,3.5088376853924665,21.258,48315765.6564887,88350431.9723151,,213.164.24.3
5351,UPC,Vienna,2018-02-27T02:06:37.253044Z,3.5088376853924665,21.056,48469961.23465291,95659897.63425332,,213.164.24.3
5351,UPC,Vienna,2018-02-27T02:06:58.797099Z,3.5088376853924665,21.374,47011245.07332064,94541503.16519338,,213.164.24.3
5351,UPC,Vienna,2018-02-27T02:07:20.763469Z,3.5088376853924665,46.153,46898308.57642028,55423145.7703042,,213.164.24.3
5351,UPC,Vienna,2018-02-27T02:07:42.773981Z,3.5088376853924665,21.144,48321440.80425772,94290945.82421927,,213.164.24.3
1738,www.drei.at,Vienna,2018-02-27T02:08:04.557229Z,3.5088376853924665,22.064,48313360.99729712,79876815.71435072,,213.164.24.3
1738,www.drei.at,Vienna,2018-02-27T02:08:27.678895Z,3.5088376853924665,66.633,42888529.112849705,95038987.03910047,,213.164.24.3
1738,www.drei.at,Vienna,2018-02-27T02:08:50.371317Z,3.5088376853924665,21.919,47384481.896927334,94902769.38929413,,213.164.24.3
1738,www.drei.at,Vienna,2018-02-27T02:09:12.627221Z,3.5088376853924665,21.879,48459060.98592464,78666442.42953011,,213.164.24.3
1738,www.drei.at,Vienna,2018-02-27T02:09:35.137942Z,3.5088376853924665,22.084,48244182.158051595,94026327.09759988,,213.164.24.3
6260,A1 Telekom Austria AG,Vienna,2018-02-27T02:09:56.754173Z,3.5088376853924665,27.697,48307593.21954598,94200854.77109022,,213.164.24.3
6260,A1 Telekom Austria AG,Vienna,2018-02-27T02:10:18.970699Z,3.5088376853924665,21.475,46601267.30764276,87953762.00677022,,213.164.24.3
6260,A1 Telekom Austria AG,Vienna,2018-02-27T02:10:41.368771Z,3.5088376853924665,20.96,45892493.93998985,94350971.81258826,,213.164.24.3
6260,A1 Telekom Austria AG,Vienna,2018-02-27T02:11:03.734597Z,3.5088376853924665,20.889,48346472.25455481,93930924.02493472,,213.164.24.3
6260,A1 Telekom Austria AG,Vienna,2018-02-27T02:11:25.424763Z,3.5088376853924665,20.959,43725742.159745164,94244931.7833568,,213.164.24.3
5351,UPC,Vienna,2018-02-27T02:11:47.284256Z,3.5088376853924665,21.247,48308103.365573995,94529780.62906806,,213.164.24.3
5351,UPC,Vienna,2018-02-27T02:12:09.387685Z,3.5088376853924665,21.089,48386199.181018256,94845078.3859792,,213.164.24.3
5351,UPC,Vienna,2018-02-27T02:12:34.751505Z,3.5088376853924665,20.989,48291622.80478968,90074741.16878174,,213.164.24.3
5351,UPC,Vienna,2018-02-27T02:12:57.100489Z,3.5088376853924665,21.08,43219345.49283197,94700405.16136765,,213.164.24.3
5351,UPC,Vienna,2018-02-27T02:13:19.789000Z,3.5088376853924665,21.494,48217852.32105954,76480814.58117102,,213.164.24.3
1738,www.drei.at,Vienna,2018-02-27T02:13:41.897459Z,3.5088376853924665,22.081,48227601.63758812,94693452.43385155,,213.164.24.3
1738,www.drei.at,Vienna,2018-02-27T02:14:03.865349Z,3.5088376853924665,21.895,48384478.26411967,94268723.20159234,,213.164.24.3
1738,www.drei.at,Vienna,2018-02-27T02:14:26.275399Z,3.5088376853924665,22.236,43123306.294737145,94463939.02621484,,213.164.24.3
1738,www.drei.at,Vienna,2018-02-27T02:14:48.551161Z,3.5088376853924665,21.937,46320234.138800584,94924018.03307298,,213.164.24.3
1738,www.drei.at,Vienna,2018-02-27T02:15:11.563677Z,3.5088376853924665,41.482,48379911.966835015,94590974.96637489,,213.164.24.3
6260,A1 Telekom Austria AG,Vienna,2018-02-27T02:15:33.335148Z,3.5088376853924665,24.418,48443599.01814369,94548412.79010913,,213.164.24.3
6260,A1 Telekom Austria AG,Vienna,2018-02-27T02:15:57.193538Z,3.5088376853924665,20.947,48370130.11495508,94523189.0180302,,213.164.24.3
6260,A1 Telekom Austria AG,Vienna,2018-02-27T02:16:19.339604Z,3.5088376853924665,21.029,48304496.72974759,87329919.85578744,,213.164.24.3
6260,A1 Telekom Austria AG,Vienna,2018-02-27T02:16:41.333085Z,3.5088376853924665,20.894,48299733.85260143,94283557.73685189,,213.164.24.3
6260,A1 Telekom Austria AG,Vienna,2018-02-27T02:17:03.470398Z,3.5088376853924665,20.942,47144750.67557161,94727484.82197323,,213.164.24.3
5351,UPC,Vienna,2018-02-27T02:17:25.435302Z,3.5088376853924665,21.145,42749187.59087886,94272107.6197748,,213.164.24.3
5351,UPC,Vienna,2018-02-27T02:17:47.066959Z,3.5088376853924665,37.163,48352218.1369776,93983991.63371915,,213.164.24.3
5351,UPC,Vienna,2018-02-27T02:18:09.140272Z,3.5088376853924665,21.747,47775452.82859078,94505419.06693996,,213.164.24.3
5351,UPC,Vienna,2018-02-27T02:18:30.670438Z,3.5088376853924665,21.077,44203090.47722639,93887184.62744412,,213.164.24.3
5351,UPC,Vienna,2018-02-27T02:18:52.228645Z,3.5088376853924665,20.961,48341845.18964258,94268309.56973846,,213.164.24.3
1738,www.drei.at,Vienna,2018-02-27T02:19:14.314350Z,3.5088376853924665,22.168,48329620.17363692,89429873.09679206,,213.164.24.3
1738,www.drei.at,Vienna,2018-02-27T02:19:36.095776Z,3.5088376853924665,22.122,47891270.95484023,51089038.87837791,,213.164.24.3
1738,www.drei.at,Vienna,2018-02-27T02:19:57.867480Z,3.5088376853924665,22.415,47649597.45084247,93791225.95902187,,213.164.24.3
1738,www.drei.at,Vienna,2018-02-27T02:20:19.690887Z,3.5088376853924665,22.746,48331240.07993309,87327398.41384314,,213.164.24.3
1738,www.drei.at,Vienna,2018-02-27T02:20:41.387691Z,3.5088376853924665,22.453,47253200.469884686,93383176.65635762,,213.164.24.3
6260,A1 Telekom Austria AG,Vienna,2018-02-27T02:21:03.348794Z,3.5088376853924665,25.85,47542099.13688318,94246327.27358723,,213.164.24.3
6260,A1 Telekom Austria AG,Vienna,2018-02-27T02:21:25.056515Z,3.5088376853924665,21.02,41336395.87828327,94148660.29708748,,213.164.24.3
6260,A1 Telekom Austria AG,Vienna,2018-02-27T02:21:47.171722Z,3.5088376853924665,21.245,48180542.898521855,94321733.60942867,,213.164.24.3
6260,A1 Telekom Austria AG,Vienna,2018-02-27T02:22:08.822718Z,3.5088376853924665,21.324,46150926.12399327,95106270.14216238,,213.164.24.3
6260,A1 Telekom Austria AG,Vienna,2018-02-27T02:22:30.933997Z,3.5088376853924665,20.993,43965867.235302575,95684801.64705466,,213.164.24.3
5351,UPC,Vienna,2018-02-27T02:22:52.549473Z,3.5088376853924665,21.499,48348147.654180564,94185063.76555836,,213.164.24.3
5351,UPC,Vienna,2018-02-27T02:23:14.020528Z,3.5088376853924665,21.31,48398065.31034358,83329533.23361498,,213.164.24.3
5351,UPC,Vienna,2018-02-27T02:23:36.676935Z,3.5088376853924665,21.225,48167034.237260126,94597909.61023942,,213.164.24.3
5351,UPC,Vienna,2018-02-27T02:23:58.219930Z,3.5088376853924665,21.273,48394637.4511058,94272397.59105918,,213.164.24.3
5351,UPC,Vienna,2018-02-27T02:24:19.769181Z,3.5088376853924665,671.055,47604725.87899605,79093905.6724385,,213.164.24.3
1738,www.drei.at,Vienna,2018-02-27T02:24:45.580236Z,3.5088376853924665,22.446,47971192.89828937,93992095.17304744,,213.164.24.3
1738,www.drei.at,Vienna,2018-02-27T02:25:07.245238Z,3.5088376853924665,125.263,48184404.273533925,94487861.22517602,,213.164.24.3
1738,www.drei.at,Vienna,2018-02-27T02:25:29.522643Z,3.5088376853924665,22.245,43248004.93759101,94512674.94444916,,213.164.24.3
1738,www.drei.at,Vienna,2018-02-27T02:25:51.059503Z,3.5088376853924665,22.354,47662911.737161845,94469263.06799905,,213.164.24.3
1738,www.drei.at,Vienna,2018-02-27T02:26:12.755937Z,3.5088376853924665,21.907,47557230.773948014,94650374.57434265,,213.164.24.3
6260,A1 Telekom Austria AG,Vienna,2018-02-27T02:26:34.934768Z,3.5088376853924665,25.402,46378597.382464245,95631805.00345981,,213.164.24.3
6260,A1 Telekom Austria AG,Vienna,2018-02-27T02:26:58.992570Z,3.5088376853924665,21.313,47160499.622596584,95028624.15918182,,213.164.24.3
6260,A1 Telekom Austria AG,Vienna,2018-02-27T02:27:20.812791Z,3.5088376853924665,21.59,48377596.976144895,89749593.5441788,,213.164.24.3
6260,A1 Telekom Austria AG,Vienna,2018-02-27T02:27:42.383880Z,3.5088376853924665,21.343,48294532.044384494,94188700.25723647,,213.164.24.3
6260,A1 Telekom Austria AG,Vienna,2018-02-27T02:28:04.064504Z,3.5088376853924665,20.955,48378591.633573346,94005900.96064094,,213.164.24.3
5351,UPC,Vienna,2018-02-27T02:28:25.837150Z,3.5088376853924665,22.14,41381164.11906627,94735273.99944066,,213.164.24.3
5351,UPC,Vienna,2018-02-27T02:28:48.138741Z,3.5088376853924665,21.938,48340278.24329084,94178019.58048564,,213.164.24.3
5351,UPC,Vienna,2018-02-27T02:29:10.241583Z,3.5088376853924665,21.246,46934565.710489474,94069668.32529274,,213.164.24.3
5351,UPC,Vienna,2018-02-27T02:29:32.215789Z,3.5088376853924665,21.778,43738189.22658944,94369410.04402469,,213.164.24.3
5351,UPC,Vienna,2018-02-27T02:29:53.839777Z,3.5088376853924665,21.733,48205798.06934632,82163014.15032347,,213.164.24.3
1738,www.drei.at,Vienna,2018-02-27T02:30:15.449643Z,3.5088376853924665,80.411,48186004.83379101,76587446.0893737,,213.164.24.3
1738,www.drei.at,Vienna,2018-02-27T02:30:38.278045Z,3.5088376853924665,21.826,48273804.65543159,93982558.96731833,,213.164.24.3
1738,www.drei.at,Vienna,2018-02-27T02:31:00.448888Z,3.5088376853924665,22.412,48264835.15133974,94142513.44741395,,213.164.24.3
1738,www.drei.at,Vienna,2018-02-27T02:31:22.236277Z,3.5088376853924665,21.624,48221117.2055996,78062093.56027414,,213.164.24.3
1738,www.drei.at,Vienna,2018-02-27T02:31:43.794500Z,3.5088376853924665,21.707,48220017.95346635,94167791.2345008,,213.164.24.3
6260,A1 Telekom Austria AG,Vienna,2018-02-27T02:32:05.861171Z,3.5088376853924665,24.238,48210814.44805903,93574685.30898471,,213.164.24.3
6260,A1 Telekom Austria AG,Vienna,2018-02-27T02:32:27.512599Z,3.5088376853924665,20.919,42049456.50363297,95887906.05041829,,213.164.24.3
6260,A1 Telekom Austria AG,Vienna,2018-02-27T02:32:49.433098Z,3.5088376853924665,21.244,48214901.28037729,94756485.35840672,,213.164.24.3
6260,A1 Telekom Austria AG,Vienna,2018-02-27T02:33:11.349529Z,3.5088376853924665,21.437,46478821.30091181,94740095.28355055,,213.164.24.3
6260,A1 Telekom Austria AG,Vienna,2018-02-27T02:33:33.321941Z,3.5088376853924665,21.077,43777979.22418553,94397699.01536071,,213.164.24.3
5351,UPC,Vienna,2018-02-27T02:33:54.900595Z,3.5088376853924665,21.739,47369858.51228483,94315202.07517213,,213.164.24.3
5351,UPC,Vienna,2018-02-27T02:34:17.085592Z,3.5088376853924665,21.165,47463708.100416176,84962745.55799174,,213.164.24.3
5351,UPC,Vienna,2018-02-27T02:34:39.144695Z,3.5088376853924665,21.06,46798504.5233835,94403878.46786872,,213.164.24.3
5351,UPC,Vienna,2018-02-27T02:35:01.020921Z,3.5088376853924665,21.32,47529592.43920672,94130078.89222182,,213.164.24.3
5351,UPC,Vienna,2018-02-27T02:35:22.905699Z,3.5088376853924665,21.861,48377991.35474079,79080090.57974887,,213.164.24.3
1738,www.drei.at,Vienna,2018-02-27T02:35:44.546298Z,3.5088376853924665,22.47,47345850.72368719,94359926.36953178,,213.164.24.3
1738,www.drei.at,Vienna,2018-02-27T02:36:06.568940Z,3.5088376853924665,22.38,48361529.30509162,89787616.43239841,,213.164.24.3
1738,www.drei.at,Vienna,2018-02-27T02:36:28.661796Z,3.5088376853924665,275.268,43576501.94566695,93646111.83748832,,213.164.24.3
1738,www.drei.at,Vienna,2018-02-27T02:36:51.745974Z,3.5088376853924665,22.852,46569040.10767644,94168456.88219436,,213.164.24.3
1738,www.drei.at,Vienna,2018-02-27T02:37:13.790232Z,3.5088376853924665,22.541,47962514.57478906,94268895.60161686,,213.164.24.3
6260,A1 Telekom Austria AG,Vienna,2018-02-27T02:37:35.569740Z,3.5088376853924665,24.789,39342510.436249144,94490011.46491325,,213.164.24.3
6260,A1 Telekom Austria AG,Vienna,2018-02-27T02:37:57.290561Z,3.5088376853924665,21.086,46084268.72533695,94447533.41746047,,213.164.24.3
6260,A1 Telekom Austria AG,Vienna,2018-02-27T02:38:19.365274Z,3.5088376853924665,21.472,48360449.8130641,87539590.48347506,,213.164.24.3
6260,A1 Telekom Austria AG,Vienna,2018-02-27T02:38:41.995274Z,3.5088376853924665,21.505,47308261.178900965,93822432.32479301,,213.164.24.3
6260,A1 Telekom Austria AG,Vienna,2018-02-27T02:39:04.305802Z,3.5088376853924665,20.98,48277219.45816748,93890501.18740213,,213.164.24.3
5351,UPC,Vienna,2018-02-27T02:39:26.008426Z,3.5088376853924665,21.976,48340533.49539642,78785944.63173652,,213.164.24.3
5351,UPC,Vienna,2018-02-27T02:39:47.644599Z,3.5088376853924665,21.077,46548270.22273461,94056058.85376447,,213.164.24.3
5351,UPC,Vienna,2018-02-27T02:40:09.535509Z,3.5088376853924665,21.951,47515019.011491224,93619230.80410103,,213.164.24.3
5351,UPC,Vienna,2018-02-27T02:40:31.532927Z,3.5088376853924665,21.888,44093731.64355313,93898100.240759,,213.164.24.3
5351,UPC,Vienna,2018-02-27T02:40:53.124574Z,3.5088376853924665,21.669,47304336.60277966,93079965.31407449,,213.164.24.3
1738,www.drei.at,Vienna,2018-02-27T02:41:15.170747Z,3.5088376853924665,21.963,46994564.3896167,94641328.10994855,,213.164.24.3
1738,www.drei.at,Vienna,2018-02-27T02:41:37.055272Z,3.5088376853924665,22.081,46555778.840183586,94895675.15716438,,213.164.24.3
1738,www.drei.at,Vienna,2018-02-27T02:42:01.071485Z,3.5088376853924665,22.034,48293186.129466526,94380207.53636745,,213.164.24.3
1738,www.drei.at,Vienna,2018-02-27T02:42:22.677598Z,3.5088376853924665,22.506,46471115.41096053,88985732.34465991,,213.164.24.3
1738,www.drei.at,Vienna,2018-02-27T02:42:44.596485Z,3.5088376853924665,432.634,45956912.33549604,95420351.55520366,,213.164.24.3
6260,A1 Telekom Austria AG,Vienna,2018-02-27T02:43:08.611032Z,3.5088376853924665,25.269,46196774.41327865,93291437.36685276,,213.164.24.3
6260,A1 Telekom Austria AG,Vienna,2018-02-27T02:43:30.866956Z,3.5088376853924665,21.823,41868297.15505938,94034831.67522693,,213.164.24.3
6260,A1 Telekom Austria AG,Vienna,2018-02-27T02:43:52.962155Z,3.5088376853924665,21.552,48216679.27968932,94764018.59167199,,213.164.24.3
6260,A1 Telekom Austria AG,Vienna,2018-02-27T02:44:14.941961Z,3.5088376853924665,21.624,48293410.05221135,93542546.6953642,,213.164.24.3
6260,A1 Telekom Austria AG,Vienna,2018-02-27T02:44:36.644950Z,3.5088376853924665,21.971,41074916.65716073,93989280.80994011,,213.164.24.3
5351,UPC,Vienna,2018-02-27T02:44:58.246191Z,3.5088376853924665,21.926,48058795.60515937,84341315.86090991,,213.164.24.3
5351,UPC,Vienna,2018-02-27T02:45:19.947614Z,3.5088376853924665,21.134,48518066.78083228,87273806.916643,,213.164.24.3
5351,UPC,Vienna,2018-02-27T02:45:41.529484Z,3.5088376853924665,21.75,46130103.925300404,94620922.85061297,,213.164.24.3
5351,UPC,Vienna,2018-02-27T02:46:03.813357Z,3.5088376853924665,21.084,48319572.160509154,93909426.1563763,,213.164.24.3
5351,UPC,Vienna,2018-02-27T02:46:25.430761Z,3.5088376853924665,21.148,48185284.5012782,86905758.5812859,,213.164.24.3
1738,www.drei.at,Vienna,2018-02-27T02:46:47.117027Z,3.5088376853924665,22.642,46830506.379823975,93909856.60721184,,213.164.24.3
1738,www.drei.at,Vienna,2018-02-27T02:47:09.286287Z,3.5088376853924665,22.327,48217628.458639786,94389615.45642197,,213.164.24.3
1738,www.drei.at,Vienna,2018-02-27T02:47:30.778547Z,3.5088376853924665,22.529,41667953.31323428,93690822.501115,,213.164.24.3
1738,www.drei.at,Vienna,2018-02-27T02:47:53.193010Z,3.5088376853924665,21.93,47977792.29250955,94125432.49394575,,213.164.24.3
1738,www.drei.at,Vienna,2018-02-27T02:48:15.172193Z,3.5088376853924665,21.951,46955522.868894555,94104376.00765873,,213.164.24.3
6260,A1 Telekom Austria AG,Vienna,2018-02-27T02:48:37.170195Z,3.5088376853924665,24.565,40438002.56981769,93543322.49970762,,213.164.24.3
6260,A1 Telekom Austria AG,Vienna,2018-02-27T02:48:59.134779Z,3.5088376853924665,21.546,48195340.616574064,93993391.04010828,,213.164.24.3
6260,A1 Telekom Austria AG,Vienna,2018-02-27T02:49:20.874217Z,3.5088376853924665,21.066,48156021.543956146,89423929.84261586,,213.164.24.3
6260,A1 Telekom Austria AG,Vienna,2018-02-27T02:49:42.632055Z,3.5088376853924665,21.725,48204099.477575295,94179690.35276611,,213.164.24.3
6260,A1 Telekom Austria AG,Vienna,2018-02-27T02:50:04.229140Z,3.5088376853924665,21.001,46642076.3909224,94290960.46215601,,213.164.24.3
5351,UPC,Vienna,2018-02-27T02:50:26.135427Z,3.5088376853924665,21.607,48018737.30764927,85150129.77652153,,213.164.24.3
5351,UPC,Vienna,2018-02-27T02:50:47.933124Z,3.5088376853924665,21.767,48377136.9422906,93887821.94666329,,213.164.24.3
5351,UPC,Vienna,2018-02-27T02:51:09.563266Z,3.5088376853924665,21.347,48300103.486760005,93890163.9930053,,213.164.24.3
5351,UPC,Vienna,2018-02-27T02:51:31.120099Z,3.5088376853924665,21.267,44035095.302576,54328040.98607677,,213.164.24.3
5351,UPC,Vienna,2018-02-27T02:51:52.671728Z,3.5088376853924665,21.39,48328681.25114465,94656670.81747048,,213.164.24.3
1738,www.drei.at,Vienna,2018-02-27T02:52:14.238121Z,3.5088376853924665,22.26,48443340.26749267,96223827.73085742,,213.164.24.3
1738,www.drei.at,Vienna,2018-02-27T02:52:35.762332Z,3.5088376853924665,22.448,48034768.87395983,94566246.89325017,,213.164.24.3
1738,www.drei.at,Vienna,2018-02-27T02:52:57.221734Z,3.5088376853924665,21.685,48233881.231671214,93648074.66497807,,213.164.24.3
1738,www.drei.at,Vienna,2018-02-27T02:53:18.811025Z,3.5088376853924665,21.764,48142700.91001484,75884551.71029997,,213.164.24.3
1738,www.drei.at,Vienna,2018-02-27T02:53:40.789747Z,3.5088376853924665,21.914,48150329.240920715,94581122.43441999,,213.164.24.3
6260,A1 Telekom Austria AG,Vienna,2018-02-27T02:54:03.268665Z,3.5088376853924665,20.916,48297289.16171674,94012242.75526713,,213.164.24.3
6260,A1 Telekom Austria AG,Vienna,2018-02-27T02:54:25.009364Z,3.5088376853924665,21.31,48339041.05545342,77352251.2966393,,213.164.24.3
6260,A1 Telekom Austria AG,Vienna,2018-02-27T02:54:46.701474Z,3.5088376853924665,21.11,47369620.94353152,95030761.2033449,,213.164.24.3
6260,A1 Telekom Austria AG,Vienna,2018-02-27T02:55:08.394987Z,3.5088376853924665,21.19,48263795.467558585,95664531.93747681,,213.164.24.3
6260,A1 Telekom Austria AG,Vienna,2018-02-27T02:55:29.990701Z,3.5088376853924665,21.796,41148853.79710057,93802693.3669532,,213.164.24.3
5351,UPC,Vienna,2018-02-27T02:55:51.596135Z,3.5088376853924665,21.141,48338850.09189456,94229955.71555294,,213.164.24.3
5351,UPC,Vienna,2018-02-27T02:56:16.141593Z,3.5088376853924665,22.093,46571887.895165585,93803683.6144163,,213.164.24.3
5351,UPC,Vienna,2018-02-27T02:56:38.218474Z,3.5088376853924665,352.754,48414762.914042465,94498244.93388624,,213.164.24.3
5351,UPC,Vienna,2018-02-27T02:57:01.761406Z,3.5088376853924665,21.941,46736325.422868684,93903800.73560269,,213.164.24.3
5351,UPC,Vienna,2018-02-27T02:57:23.694349Z,3.5088376853924665,21.217,48142507.56857928,88673692.10732427,,213.164.24.3
1738,www.drei.at,Vienna,2018-02-27T02:57:45.402736Z,3.5088376853924665,22.067,47795661.65501138,94414076.37377207,,213.164.24.3
1738,www.drei.at,Vienna,2018-02-27T02:58:06.994357Z,3.5088376853924665,22.353,48135771.97213282,94206753.51102768,,213.164.24.3
1738,www.drei.at,Vienna,2018-02-27T02:58:28.616576Z,3.5088376853924665,22.554,41027686.235911235,93556190.25869532,,213.164.24.3
1738,www.drei.at,Vienna,2018-02-27T02:58:52.077743Z,3.5088376853924665,21.768,46037097.34378609,95209179.7653209,,213.164.24.3
1738,www.drei.at,Vienna,2018-02-27T02:59:15.460960Z,3.5088376853924665,22.24,48197647.848722495,58951606.245196216,,213.164.24.3
6260,A1 Telekom Austria AG,Vienna,2018-02-27T02:59:41.575836Z,3.5088376853924665,24.522,45803969.836563446,94536866.24431759,,213.164.24.3
6260,A1 Telekom Austria AG,Vienna,2018-02-27T03:00:03.949931Z,3.5088376853924665,20.867,48386230.95596675,94256427.74595366,,213.164.24.3
6260,A1 Telekom Austria AG,Vienna,2018-02-27T03:00:25.541615Z,3.5088376853924665,20.89,47775258.16228233,83901496.1037795,,213.164.24.3
6260,A1 Telekom Austria AG,Vienna,2018-02-27T03:00:47.283644Z,3.5088376853924665,21.124,47432105.695434496,94393369.34351864,,213.164.24.3
5351,UPC,Vienna,2018-02-27T03:01:08.952857Z,3.5088376853924665,21.192,48222065.24424854,95848391.53890258,,213.164.24.3
5351,UPC,Vienna,2018-02-27T03:01:30.600240Z,3.5088376853924665,21.145,43016748.37369699,96007355.0558283,,213.164.24.3
5351,UPC,Vienna,2018-02-27T03:01:52.098066Z,3.5088376853924665,21.237,47825495.288898796,93983062.65334006,,213.164.24.3
5351,UPC,Vienna,2018-02-27T03:02:13.921955Z,3.5088376853924665,21.081,46601507.487101726,94655084.21399447,,213.164.24.3
5351,UPC,Vienna,2018-02-27T03:02:36.001295Z,3.5088376853924665,21.105,43751516.58657276,94646178.82776713,,213.164.24.3
1738,www.drei.at,Vienna,2018-02-27T03:02:57.529645Z,3.5088376853924665,21.928,48050552.90584358,95757373.08984526,,213.164.24.3
1738,www.drei.at,Vienna,2018-02-27T03:03:19.271388Z,3.5088376853924665,21.743,48408945.04059986,73682230.34285885,,213.164.24.3
1738,www.drei.at,Vienna,2018-02-27T03:03:42.378598Z,3.5088376853924665,21.889,48323825.87325528,93679005.6396878,,213.164.24.3
1738,www.drei.at,Vienna,2018-02-27T03:04:04.491337Z,3.5088376853924665,53.441,46404971.66180131,94086732.56871371,,213.164.24.3
1738,www.drei.at,Vienna,2018-02-27T03:04:26.918950Z,3.5088376853924665,21.858,48363591.67580537,78319729.74585211,,213.164.24.3
6260,A1 Telekom Austria AG,Vienna,2018-02-27T03:04:48.459204Z,3.5088376853924665,24.451,48274697.057355836,94707992.10465874,,213.164.24.3
6260,A1 Telekom Austria AG,Vienna,2018-02-27T03:05:10.276540Z,3.5088376853924665,20.846,48199010.39542139,93941331.14182608,,213.164.24.3
6260,A1 Telekom Austria AG,Vienna,2018-02-27T03:05:32.136409Z,3.5088376853924665,21.551,46528453.77533304,94920844.71853809,,213.164.24.3
6260,A1 Telekom Austria AG,Vienna,2018-02-27T03:05:54.074993Z,3.5088376853924665,21.532,48409455.85687105,94265202.93775396,,213.164.24.3
6260,A1 Telekom Austria AG,Vienna,2018-02-27T03:06:15.936663Z,3.5088376853924665,20.881,48362420.32065163,94275182.35843696,,213.164.24.3
5351,UPC,Vienna,2018-02-27T03:06:37.580117Z,3.5088376853924665,21.099,43486159.731676444,94423388.75111023,,213.164.24.3
5351,UPC,Vienna,2018-02-27T03:06:59.120053Z,3.5088376853924665,21.037,47496230.399431005,94909987.48445787,,213.164.24.3
5351,UPC,Vienna,2018-02-27T03:07:20.982293Z,3.5088376853924665,21.161,48335431.84951244,80005956.5230735,,213.164.24.3
5351,UPC,Vienna,2018-02-27T03:07:42.664126Z,3.5088376853924665,21.208,48160537.24296192,94055121.13945375,,213.164.24.3
5351,UPC,Vienna,2018-02-27T03:08:04.367945Z,3.5088376853924665,21.075,46493742.30808788,94492354.84199497,,213.164.24.3
1738,www.drei.at,Vienna,2018-02-27T03:08:26.153346Z,3.5088376853924665,21.852,47376191.791358024,79815775.63656169,,213.164.24.3
1738,www.drei.at,Vienna,2018-02-27T03:08:48.075035Z,3.5088376853924665,21.791,48049001.56329979,94195455.74519284,,213.164.24.3
1738,www.drei.at,Vienna,2018-02-27T03:09:09.962032Z,3.5088376853924665,21.846,48332074.38661512,93963722.4511795,,213.164.24.3
1738,www.drei.at,Vienna,2018-02-27T03:09:31.571220Z,3.5088376853924665,148.53,42711354.40549618,94764698.52550739,,213.164.24.3
1738,www.drei.at,Vienna,2018-02-27T03:09:54.201343Z,3.5088376853924665,21.814,48297384.32217319,94492407.57667051,,213.164.24.3
6260,A1 Telekom Austria AG,Vienna,2018-02-27T03:10:15.901651Z,3.5088376853924665,23.712,48284244.1260352,94730123.01177083,,213.164.24.3
6260,A1 Telekom Austria AG,Vienna,2018-02-27T03:10:37.448436Z,3.5088376853924665,20.889,44085452.545637295,94689143.1179396,,213.164.24.3
6260,A1 Telekom Austria AG,Vienna,2018-02-27T03:10:59.103671Z,3.5088376853924665,20.993,46310469.21848797,93811360.42956448,,213.164.24.3
6260,A1 Telekom Austria AG,Vienna,2018-02-27T03:11:21.335325Z,3.5088376853924665,20.899,46622848.42797527,83705289.29922555,,213.164.24.3
6260,A1 Telekom Austria AG,Vienna,2018-02-27T03:11:43.582144Z,3.5088376853924665,20.839,48338049.80931649,94584833.2398332,,213.164.24.3
5351,UPC,Vienna,2018-02-27T03:12:05.345560Z,3.5088376853924665,21.044,48251883.979851045,94701325.60265164,,213.164.24.3
5351,UPC,Vienna,2018-02-27T03:12:26.828638Z,3.5088376853924665,21.102,47404487.43719078,87165274.0972575,,213.164.24.3
5351,UPC,Vienna,2018-02-27T03:12:48.764814Z,3.5088376853924665,21.169,48230875.14896294,94600228.48506427,,213.164.24.3
5351,UPC,Vienna,2018-02-27T03:13:10.331305Z,3.5088376853924665,21.094,48223662.51668666,94097289.75722072,,213.164.24.3
5351,UPC,Vienna,2018-02-27T03:13:31.815836Z,3.5088376853924665,21.12,41332985.42480596,94441845.13807924,,213.164.24.3
1738,www.drei.at,Vienna,2018-02-27T03:13:53.267977Z,3.5088376853924665,21.751,48205628.488457166,93976094.93740179,,213.164.24.3
1738,www.drei.at,Vienna,2018-02-27T03:14:15.298388Z,3.5088376853924665,21.666,48318307.642713845,94379113.63314627,,213.164.24.3
1738,www.drei.at,Vienna,2018-02-27T03:14:36.970484Z,3.5088376853924665,21.987,42974223.98450446,94565923.62312548,,213.164.24.3
1738,www.drei.at,Vienna,2018-02-27T03:14:58.810682Z,3.5088376853924665,21.935,48206212.21429871,95150350.4963855,,213.164.24.3
1738,www.drei.at,Vienna,2018-02-27T03:15:20.607844Z,3.5088376853924665,21.863,47378040.18702818,78140338.82487406,,213.164.24.3
6260,A1 Telekom Austria AG,Vienna,2018-02-27T03:15:42.891540Z,3.5088376853924665,23.155,48287618.91156724,95190882.53078812,,213.164.24.3
6260,A1 Telekom Austria AG,Vienna,2018-02-27T03:16:04.686908Z,3.5088376853924665,20.83,46253397.83130048,94430949.82929909,,213.164.24.3
6260,A1 Telekom Austria AG,Vienna,2018-02-27T03:16:26.598439Z,3.5088376853924665,21.148,46049446.44138438,86930942.18225518,,213.164.24.3
6260,A1 Telekom Austria AG,Vienna,2018-02-27T03:16:48.642127Z,3.5088376853924665,20.942,48468371.11484234,94788561.85366085,,213.164.24.3
6260,A1 Telekom Austria AG,Vienna,2018-02-27T03:17:10.309775Z,3.5088376853924665,20.885,48286121.945281796,94959153.68625498,,213.164.24.3
5351,UPC,Vienna,2018-02-27T03:17:31.754323Z,3.5088376853924665,21.143,41426100.97630568,95305445.62048101,,213.164.24.3
5351,UPC,Vienna,2018-02-27T03:17:53.556656Z,3.5088376853924665,21.119,48226203.1018148,92091864.50517733,,213.164.24.3
5351,UPC,Vienna,2018-02-27T03:18:15.530218Z,3.5088376853924665,21.121,48272434.77810933,94969377.24888471,,213.164.24.3
5351,UPC,Vienna,2018-02-27T03:18:37.154105Z,3.5088376853924665,21.214,43922915.81054732,94719721.64749227,,213.164.24.3
5351,UPC,Vienna,2018-02-27T03:18:58.597705Z,3.5088376853924665,21.083,46942209.38882138,94531768.15871513,,213.164.24.3
1738,www.drei.at,Vienna,2018-02-27T03:19:20.830105Z,3.5088376853924665,22.096,47402909.13901082,79257510.25736721,,213.164.24.3
1738,www.drei.at,Vienna,2018-02-27T03:19:43.219177Z,3.5088376853924665,21.594,48121615.9280678,94930861.59867424,,213.164.24.3
1738,www.drei.at,Vienna,2018-02-27T03:20:04.849979Z,3.5088376853924665,21.566,48271632.989905424,94446799.39050597,,213.164.24.3
1738,www.drei.at,Vienna,2018-02-27T03:20:26.545010Z,3.5088376853924665,22.315,48263304.74810186,92348259.49314445,,213.164.24.3
1738,www.drei.at,Vienna,2018-02-27T03:20:48.072090Z,3.5088376853924665,21.857,46389060.22857501,94102656.29304601,,213.164.24.3
6260,A1 Telekom Austria AG,Vienna,2018-02-27T03:21:10.777819Z,3.5088376853924665,24.377,47141466.444512114,94143315.31342492,,213.164.24.3
6260,A1 Telekom Austria AG,Vienna,2018-02-27T03:21:32.757219Z,3.5088376853924665,21.034,41385821.373262376,94209155.44622765,,213.164.24.3
6260,A1 Telekom Austria AG,Vienna,2018-02-27T03:21:54.574992Z,3.5088376853924665,20.871,48263264.00443268,94867829.23703833,,213.164.24.3
6260,A1 Telekom Austria AG,Vienna,2018-02-27T03:22:16.113901Z,3.5088376853924665,21.299,47649907.393683866,95037708.28936552,,213.164.24.3
6260,A1 Telekom Austria AG,Vienna,2018-02-27T03:22:37.761395Z,3.5088376853924665,21.079,43733739.04032027,95141451.9447143,,213.164.24.3
5351,UPC,Vienna,2018-02-27T03:22:59.211309Z,3.5088376853924665,23.35,48083134.11076597,94201047.96527217,,213.164.24.3
5351,UPC,Vienna,2018-02-27T03:23:20.864484Z,3.5088376853924665,21.02,48219447.59004447,94934453.84485613,,213.164.24.3
5351,UPC,Vienna,2018-02-27T03:23:44.199660Z,3.5088376853924665,21.085,48168682.38218782,94276691.91538201,,213.164.24.3
5351,UPC,Vienna,2018-02-27T03:24:06.165368Z,3.5088376853924665,21.106,47810880.85954225,93955171.39360285,,213.164.24.3
5351,UPC,Vienna,2018-02-27T03:24:27.741627Z,3.5088376853924665,21.171,48399262.11154744,92792991.4244783,,213.164.24.3
1738,www.drei.at,Vienna,2018-02-27T03:24:49.210912Z,3.5088376853924665,21.849,47514070.47098856,93947027.15916911,,213.164.24.3
1738,www.drei.at,Vienna,2018-02-27T03:25:10.903120Z,3.5088376853924665,22.336,48153844.85196764,94515179.56365938,,213.164.24.3
1738,www.drei.at,Vienna,2018-02-27T03:25:32.409514Z,3.5088376853924665,22.019,41723191.32901409,94542704.22326133,,213.164.24.3
1738,www.drei.at,Vienna,2018-02-27T03:25:55.459209Z,3.5088376853924665,21.728,48327949.08115537,94439188.74364015,,213.164.24.3
1738,www.drei.at,Vienna,2018-02-27T03:26:16.881264Z,3.5088376853924665,21.604,48352414.44379057,94333129.89400189,,213.164.24.3
6260,A1 Telekom Austria AG,Vienna,2018-02-27T03:26:38.354943Z,3.5088376853924665,27.71,43468519.652832724,94380221.73905584,,213.164.24.3
6260,A1 Telekom Austria AG,Vienna,2018-02-27T03:26:59.930224Z,3.5088376853924665,20.808,48265100.10755228,90412921.96812503,,213.164.24.3
6260,A1 Telekom Austria AG,Vienna,2018-02-27T03:27:21.622321Z,3.5088376853924665,20.911,48164129.61273434,94036368.05955496,,213.164.24.3
6260,A1 Telekom Austria AG,Vienna,2018-02-27T03:27:44.935029Z,3.5088376853924665,20.888,48366067.66905325,92729287.95025566,,213.164.24.3
6260,A1 Telekom Austria AG,Vienna,2018-02-27T03:28:06.897618Z,3.5088376853924665,20.859,48327624.894721456,94512963.36073008,,213.164.24.3
5351,UPC,Vienna,2018-02-27T03:28:28.333682Z,3.5088376853924665,21.05,48161807.33495957,90283802.14682333,,213.164.24.3
5351,UPC,Vienna,2018-02-27T03:28:49.858603Z,3.5088376853924665,21.007,47903001.11041368,94634713.20492476,,213.164.24.3
5351,UPC,Vienna,2018-02-27T03:29:11.865755Z,3.5088376853924665,20.972,48145778.88986082,79199959.83270288,,213.164.24.3
5351,UPC,Vienna,2018-02-27T03:29:33.341666Z,3.5088376853924665,21.047,41691231.626758434,93944421.80852954,,213.164.24.3
5351,UPC,Vienna,2018-02-27T03:29:56.140498Z,3.5088376853924665,21.04,48273034.770017534,94810536.58505051,,213.164.24.3
1738,www.drei.at,Vienna,2018-02-27T03:30:17.708971Z,3.5088376853924665,192.417,44358334.886046216,94780787.13677107,,213.164.24.3
1738,www.drei.at,Vienna,2018-02-27T03:30:40.153820Z,3.5088376853924665,21.721,48264049.29295523,94292530.28970814,,213.164.24.3
1738,www.drei.at,Vienna,2018-02-27T03:31:01.730842Z,3.5088376853924665,22.24,48391304.68196078,94471198.21065776,,213.164.24.3
1738,www.drei.at,Vienna,2018-02-27T03:31:23.171553Z,3.5088376853924665,21.596,46320454.68910191,94674068.84521322,,213.164.24.3
1738,www.drei.at,Vienna,2018-02-27T03:31:45.131747Z,3.5088376853924665,22.007,48086953.18500913,94762368.03308243,,213.164.24.3
6260,A1 Telekom Austria AG,Vienna,2018-02-27T03:32:06.911896Z,3.5088376853924665,27.772,48329842.60011098,94018761.15810606,,213.164.24.3
6260,A1 Telekom Austria AG,Vienna,2018-02-27T03:32:28.465184Z,3.5088376853924665,20.9,48326421.62945971,94791776.2556431,,213.164.24.3
6260,A1 Telekom Austria AG,Vienna,2018-02-27T03:32:50.259715Z,3.5088376853924665,20.868,47405976.71625847,95023461.8020156,,213.164.24.3
6260,A1 Telekom Austria AG,Vienna,2018-02-27T03:33:12.326334Z,3.5088376853924665,20.825,46824273.85795037,94330508.66206722,,213.164.24.3
6260,A1 Telekom Austria AG,Vienna,2018-02-27T03:33:34.213982Z,3.5088376853924665,20.804,48166931.127119444,94584587.12665395,,213.164.24.3
5351,UPC,Vienna,2018-02-27T03:33:55.704710Z,3.5088376853924665,21.188,46535078.25412071,92609262.76312242,,213.164.24.3
5351,UPC,Vienna,2018-02-27T03:34:18.114788Z,3.5088376853924665,21.119,48025331.415384926,94841814.72419839,,213.164.24.3
5351,UPC,Vienna,2018-02-27T03:34:39.626591Z,3.5088376853924665,21.0,48353947.99626647,94230966.26952344,,213.164.24.3
5351,UPC,Vienna,2018-02-27T03:35:01.190678Z,3.5088376853924665,21.036,48127454.722163506,93924408.69682768,,213.164.24.3
5351,UPC,Vienna,2018-02-27T03:35:22.737843Z,3.5088376853924665,21.078,48193570.11982773,94229454.17589389,,213.164.24.3
1738,www.drei.at,Vienna,2018-02-27T03:35:44.608236Z,3.5088376853924665,21.529,48168000.69328408,94427460.07488886,,213.164.24.3
1738,www.drei.at,Vienna,2018-02-27T03:36:06.349363Z,3.5088376853924665,21.948,48361850.684979685,93997166.50019203,,213.164.24.3
1738,www.drei.at,Vienna,2018-02-27T03:36:28.226360Z,3.5088376853924665,21.775,47757909.85989774,69691552.22689334,,213.164.24.3
1738,www.drei.at,Vienna,2018-02-27T03:36:52.188925Z,3.5088376853924665,71.906,45884206.721334405,94924018.22722198,,213.164.24.3
1738,www.drei.at,Vienna,2018-02-27T03:37:14.580294Z,3.5088376853924665,21.695,48106583.124390535,95492734.55001718,,213.164.24.3
6260,A1 Telekom Austria AG,Vienna,2018-02-27T03:37:36.164954Z,3.5088376853924665,24.842,48062004.59529054,94856219.12875706,,213.164.24.3
6260,A1 Telekom Austria AG,Vienna,2018-02-27T03:37:57.706245Z,3.5088376853924665,20.8,47564417.94311109,93619399.52045071,,213.164.24.3
6260,A1 Telekom Austria AG,Vienna,2018-02-27T03:38:19.416321Z,3.5088376853924665,20.846,48382205.555685624,94140810.4092781,,213.164.24.3
6260,A1 Telekom Austria AG,Vienna,2018-02-27T03:38:40.906690Z,3.5088376853924665,20.954,48326527.95561913,94677246.17768937,,213.164.24.3
6260,A1 Telekom Austria AG,Vienna,2018-02-27T03:39:02.929497Z,3.5088376853924665,20.829,48379961.33225902,94452001.66702214,,213.164.24.3
